"date","f_employment_ny_man","f_employment_texas_man","f_employment_kansas_man","f_employment_phil_man","f_employment_richmond_man","mean.z"
2001-07-01,-0.376516444012677,NA,-1.67269428372727,-1.32130722627888,-1.18046000998856,-1.13774449100185
2001-08-01,0.216803865672383,NA,-1.03000027671588,-1.96206756326989,-1.18046000998856,-0.988930996075486
2001-09-01,-2.79143419571327,NA,-1.81551517417425,-1.36819212898554,-1.02374325163183,-1.74972118762622
2001-10-01,-0.657562906495074,NA,-2.02974650984471,-1.62605909387217,-2.04240218095056,-1.58894267279063
2001-11-01,-0.251606905131612,NA,-1.81551517417425,-1.18065251815891,-0.710309734918373,-0.989521083095785
2001-12-01,0.59153248231558,NA,-1.45846294805681,-0.836829898310075,-0.945384872453464,-0.662286309126192
2002-01-01,-0.209970392171256,NA,-1.17282116716286,-0.422679924401254,-0.788668114096737,-0.648534899458026
2002-02-01,0.435395558714248,NA,-0.458716714927978,-0.57896293342345,-0.318517839026555,-0.230200482165934
2002-03-01,1.30976233088171,NA,0.112566846859926,-0.0944856054546411,-0.161801080669827,0.291510622904291
2002-04-01,1.09117063783984,NA,-0.0302540435870502,-0.0944856054546411,-0.553592976561646,0.103209503059126
2002-05-01,0.653987251756112,NA,-0.315895824481002,-0.12574220725908,-0.240159459848191,-0.00695255995804035
2002-06-01,1.29935320264162,NA,-0.38730626970449,-0.62584783613011,-0.553592976561646,-0.0668484699386572
2002-07-01,0.216803865672383,NA,-0.315895824481002,-0.203883711770179,-0.240159459848191,-0.135783782606747
2002-08-01,0.560305097595313,NA,-0.672948050598442,-1.36037797853443,-0.788668114096737,-0.565422261408575
2002-09-01,0.341713404553449,NA,-0.672948050598442,-0.532078030716791,-0.788668114096737,-0.41299519771463
2002-10-01,0.112712583271496,NA,-0.244485379257514,-0.274211065830167,-0.553592976561646,-0.239894209594458
2002-11-01,-0.314061674572144,NA,-0.244485379257514,-0.336724269439046,-0.710309734918373,-0.401395264546769
2002-12-01,-0.730426804175695,NA,-0.458716714927978,-0.57896293342345,-0.553592976561646,-0.580424857272192
2003-01-01,-0.220379520411345,NA,0.112566846859926,-0.813387446956745,-0.867026493275101,-0.447056653445816
2003-02-01,-0.553471624094186,NA,-0.244485379257514,-0.328910118987936,-1.25881838916692,-0.596421377876639
2003-03-01,-1.07392803609862,NA,-0.244485379257514,-1.03218365958782,-0.945384872453464,-0.823995486849356
2003-04-01,0.0918943267913181,NA,-1.10141072193937,-0.664918588385659,-1.18046000998856,-0.713723748380566
2003-05-01,0.466622943434514,NA,-0.244485379257514,-0.813387446956745,-1.10210163081019,-0.423337878397484
2003-06-01,0.133530839751673,NA,-0.244485379257514,-0.407051623499034,-1.49389352670201,-0.502974922426721
2003-07-01,-0.0538334685699247,NA,-0.315895824481002,0.0305408017631163,-1.7289686642371,-0.517039288881228
2003-08-01,0.477032071674603,NA,0.183977292083414,-0.13355635771019,-1.33717676834528,-0.202430940574364
2003-09-01,0.41457730223407,NA,0.112566846859926,0.108682306274215,-1.18046000998856,-0.136158388655086
2003-10-01,0.830942431837622,NA,-0.0302540435870502,0.897911501836307,-1.80732704341546,-0.0271817883321466
2003-11-01,1.02871586839931,NA,0.469619072977365,-0.0319724018457624,-0.318517839026555,0.286961175126089
2003-12-01,0.872578944797976,NA,0.255387737306902,-0.235140313574618,-0.945384872453464,-0.0131396259808011
2004-01-01,0.726851149436734,NA,-0.0302540435870502,-0.274211065830167,-0.945384872453464,-0.130749708108487
2004-02-01,1.34098971560197,NA,-0.530127160151466,-0.00852995049243287,-1.02374325163183,-0.0553526616684388
2004-03-01,0.643578123516023,NA,0.112566846859926,0.491575678378596,-0.631951355740009,0.153942323253634
2004-04-01,1.0391249966394,NA,0.541029518200853,0.31966436845418,-0.631951355740009,0.316966881888605
2004-05-01,1.25771668968126,NA,0.398208627753877,0.890097351385197,-0.631951355740009,0.478517828270082
2004-06-01,1.78858222992579,0.94157901183457,0.398208627753877,0.186823810785313,0.229990815221991,0.709036899104308
2004-07-01,1.78858222992579,1.30593774038477,0.398208627753877,0.116496456725324,-0.318517839026555,0.658141443152641
2004-08-01,-0.574289880574364,1.1587928692395,0.683850408647829,0.28840776664974,-0.475234597383282,0.216305313315884
2004-09-01,1.10157976607993,0.899537620078777,0.898081744318293,0.382177572063059,-0.788668114096737,0.498541717688664
2004-10-01,1.94471915352712,0.612254776414198,0.826671299094805,0.132124757627544,-1.02374325163183,0.498405347006368
2004-11-01,0.49785032815478,0.948585910460535,0.612439963424341,0.593159634243024,-0.710309734918373,0.388345220272861
2004-12-01,-0.168333879210901,0.254902946489964,0.398208627753877,0.0461691026653359,-0.867026493275101,-0.0672159391153648
2005-01-01,0.123121711511584,0.871510025574916,0.255387737306902,0.366549271160839,-0.396876218204918,0.243938505469864
2005-02-01,0.41457730223407,-0.501842105114294,0.326798182530389,-0.696175190190098,-0.396876218204918,-0.17070360574897
2005-03-01,0.893397201278154,-0.298642044961299,-0.244485379257514,0.202452111687532,-1.10210163081019,-0.109875948412664
2005-04-01,0.372940789273715,0.906544518704743,-0.601537605374954,-0.102299755905751,-0.631951355740009,-0.0112606818084513
2005-05-01,0.258440378632739,0.731372053055609,0.255387737306902,-0.571148782972341,-0.945384872453464,-0.0542666972861111
2005-06-01,0.154349096231851,0.528171992902613,0.112566846859926,-0.0397865522968724,-0.710309734918373,0.0089983297558289
2005-07-01,0.560305097595313,-0.102448883434269,0.255387737306902,-1.13376761545225,-1.02374325163183,-0.288853383123226
2005-08-01,-0.189152135691079,1.33396533488863,0.183977292083414,-0.969670455978942,0.151632436043627,0.10215049426913
2005-09-01,0.279258635112916,1.45308261153004,-0.0302540435870502,-0.563334632521231,-0.161801080669827,0.19539029797297
2005-10-01,-0.116288238010457,0.65429616816999,0.541029518200853,-0.250768614476838,-0.475234597383282,0.0706068473000532
2005-11-01,0.955851970718687,1.02566179534615,-0.601537605374954,-0.516449729814572,-0.553592976561646,0.0619866908627338
2005-12-01,0.810124175357444,0.395040919009272,0.0411564016364377,0.186823810785313,0.151632436043627,0.316955548566419
2006-01-01,1.23689843320108,0.430075412139098,1.18372352521224,-0.110113906356861,-0.396876218204918,0.46874144919813
2006-02-01,0.955851970718687,0.395040919009272,-0.0302540435870502,0.186823810785313,0.151632436043627,0.33181901859397
2006-03-01,0.456213815194425,0.381027121757341,0.469619072977365,0.147753058529764,-0.0834427014914637,0.274234073393486
2006-04-01,0.456213815194425,0.402047817635237,0.326798182530389,0.225894563040862,-0.0834427014914637,0.26550233538189
2006-05-01,0.227212993912472,0.338985730001549,0.326798182530389,-0.836829898310075,-0.00508432231309999,0.0102165371642472
2006-06-01,-0.0226060838496586,0.619261675040163,0.255387737306902,-0.430494074852364,-0.00508432231309999,0.0832929862663885
2006-07-01,0.0918943267913181,1.20784115962125,0.969492189541781,-0.868086500114514,0.229990815221991,0.326226398212366
2006-08-01,0.393759045753893,0.787427242063332,-0.101664488810538,-0.727431791994537,-0.161801080669827,0.0380577852684643
2006-09-01,0.352122532793538,0.528171992902613,-0.0302540435870502,-1.0946968631967,-0.240159459848191,-0.0969631681871579
2006-10-01,0.799715047117355,0.899537620078777,-0.38730626970449,-0.446122375754583,-0.161801080669827,0.140804588213446
2006-11-01,0.33130427631336,0.00265459595521163,-0.101664488810538,-0.352352570341265,-0.631951355740009,-0.150401908524648
2006-12-01,0.789305918877266,-0.936269819924146,0.326798182530389,-0.313281818085716,-0.710309734918373,-0.168751454304116
2007-01-01,1.04953412487949,-0.193538565571818,0.183977292083414,0.0461691026653359,-0.161801080669827,0.184868174677318
2007-02-01,1.1328071508002,0.913551417330708,0.541029518200853,-0.0632290036502019,0.700141090292173,0.644860034594746
2007-03-01,0.633168995275935,0.661303066795955,0.612439963424341,-0.469564827107913,0.308349194400355,0.349139278557735
2007-04-01,0.352122532793538,0.142792568474519,0.255387737306902,-0.352352570341265,-0.318517839026555,0.0158864858414275
2007-05-01,1.19526192024073,0.156806365726449,-0.101664488810538,-0.203883711770179,-0.631951355740009,0.0829137459292904
2007-06-01,0.133530839751673,0.507151297024717,0.255387737306902,-0.852458199212294,-0.475234597383282,-0.0863245845024569
2007-07-01,1.22648930496099,0.0867373794667959,0.0411564016364377,0.210266262138642,-0.240159459848191,0.264897977670936
2007-08-01,0.914215457758331,-0.165510971067957,-0.173074934034026,0.546274731536365,-0.318517839026555,0.160677289033232
2007-09-01,1.48671751096321,0.479123702520856,-0.315895824481002,0.0930540053719947,-0.553592976561646,0.237881283562683
2007-10-01,2.09044694888836,0.135785669848553,-0.315895824481002,0.663486988303012,0.621782711113809,0.639121298734547
2007-11-01,0.539486841115136,-0.71905596251922,0.0411564016364377,-0.258582764927948,-0.631951355740009,-0.205789368087121
2007-12-01,0.383349917513804,-0.0744212889304074,0.326798182530389,0.085239854920885,-0.788668114096737,-0.0135402896124131
2008-01-01,-0.09546998153028,-0.859193935038527,0.255387737306902,0.100868155823105,-0.240159459848191,-0.167713496657398
2008-02-01,-0.990655010177915,-0.936269819924146,-0.173074934034026,-1.89955435966101,-1.18046000998856,-1.03600282675713
2008-03-01,1.38262622856233,-1.41974582511576,-0.38730626970449,-1.0946968631967,-0.788668114096737,-0.461558168710271
2008-04-01,-1.469474909222,-0.964297414428008,-0.38730626970449,-1.23535157131668,-1.25881838916692,-1.06304971076762
2008-05-01,-1.51111142218235,-1.30062854847434,-0.601537605374954,-0.688361039738988,-0.788668114096737,-0.978061345973475
2008-06-01,-0.272425161611789,-1.06239399519152,-0.815768941045418,-1.14939591635447,-1.33717676834528,-0.927432156509696
2008-07-01,-0.678381162975252,-1.26559405534452,-0.458716714927978,-0.914971402821173,-1.49389352670201,-0.962311372554186
2008-08-01,-0.293243418091967,-1.06239399519152,-0.672948050598442,-1.03999781003893,-0.788668114096737,-0.77145027760352
2008-09-01,0.268849506872827,-1.21654576496276,-1.24423161238635,-0.836829898310075,-1.18046000998856,-0.841843555754982
2008-10-01,-1.93788568002599,-2.51282201076635,-1.74410472895076,-2.58719959935868,-1.96404380177219,-2.14921116417479
2008-11-01,-2.43752383555026,-2.39370473412494,-2.81526140730308,-3.321729741763,-1.88568542259383,-2.57078102826702
2008-12-01,-2.18770475778812,-3.16446358298113,-2.95808229775006,-3.59522500755184,-2.35583569766401,-2.85226226874703
2009-01-01,-2.73938855451283,-3.66896028405064,-2.95808229775006,-3.42331369762743,-2.12076056012892,-2.98210107881397
2009-02-01,-4.12380261044464,-3.54283610878326,-3.81500764043191,-2.57157129845646,-2.66926921437747,-3.34449737449875
2009-03-01,-4.21748476460544,-2.95425662420217,-3.74359719520842,-2.71222600657643,-1.80732704341546,-3.08697832680159
2009-04-01,-2.69775204155247,-2.9472497255762,-2.74385096207959,-2.39965998853204,-1.65061028505874,-2.48782460055981
2009-05-01,-1.96911306474626,-2.25356676160563,-2.17256740029169,-1.55573173981218,-1.88568542259383,-1.96733287780992
2009-06-01,-0.491016854653653,-1.68600797290244,-1.03000027671588,-0.789944995603416,-1.02374325163183,-1.00414267030144
2009-07-01,-1.10515542081889,-1.11144228557328,-1.74410472895076,-0.914971402821173,-1.18046000998856,-1.21122676963053
2009-08-01,-0.667972034735163,-1.26559405534452,-1.45846294805681,-0.633661986581219,-0.631951355740009,-0.931528476091544
2009-09-01,-0.782472445376139,-0.747083557023082,-0.887179386268906,-0.360166720792375,-0.553592976561646,-0.66609901720443
2009-10-01,0.154349096231851,-0.256600653205507,-0.530127160151466,-0.735245942445647,-0.475234597383282,-0.36857185139081
2009-11-01,1.16403453552046,-1.27960785259645,-0.244485379257514,-0.618033685679,-0.240159459848191,-0.243650368372138
2009-12-01,-0.2620160333717,-0.0814281875563726,-1.03000027671588,-0.328910118987936,-0.240159459848191,-0.388502815296016
2010-01-01,0.362531661033626,-0.41775932160271,-0.38730626970449,-0.219512012672398,-0.710309734918373,-0.274471135572869
2010-02-01,0.581123354075491,-0.43177311885464,-0.173074934034026,-0.289839366732387,-0.945384872453464,-0.251789787599805
2010-03-01,-0.334879931052322,-0.922256022672216,0.0411564016364377,0.0774257044697751,-0.867026493275101,-0.401116068178685
2010-04-01,0.529077712875047,-0.375717929846918,-0.0302540435870502,-0.0397865522968724,-0.475234597383282,-0.0783830820478152
2010-05-01,0.851760688317799,-0.0884350861823381,-0.244485379257514,0.31185021800307,-0.631951355740009,0.0397478170282015
2010-06-01,1.35139884384206,-0.564904192747982,-0.244485379257514,-0.203883711770179,-1.02374325163183,-0.137123538313089
2010-07-01,-0.0642425968100136,-1.12545608282521,-0.672948050598442,-0.547706331619011,0.0732740568652637,-0.467415800997483
2010-08-01,0.549895969355224,-1.19552506908486,-0.530127160151466,-1.20409496951224,-0.00508432231309999,-0.476987110341289
2010-09-01,0.435395558714248,-0.91524912404625,-0.315895824481002,-1.03218365958782,0.151632436043627,-0.33526012267144
2010-10-01,1.25771668968126,-0.515855902366225,-0.315895824481002,0.202452111687532,-0.00508432231309999,0.124666550441693
2010-11-01,1.07035238135966,0.752392748933505,0.112566846859926,0.225894563040862,-0.318517839026555,0.36853774023348
2010-12-01,0.758078534157,0.598240979162267,0.755260853871317,0.726000191911891,0.778499469470537,0.723216005714602
2011-01-01,0.0918943267913181,0.794434140689297,0.326798182530389,0.75725679371633,0.386707573578718,0.471418203461211
2011-02-01,0.24803125039265,0.724365154429644,0.398208627753877,0.272779465747521,0.308349194400355,0.390346738544809
2011-03-01,0.123121711511584,0.360006425879445,-0.0302540435870502,0.475947377476376,0.151632436043627,0.216090781464797
2011-04-01,0.685214636476378,0.374020223131376,0.255387737306902,1.14015016582071,0.386707573578718,0.568296067262817
2011-05-01,-0.0226060838496586,0.388034020383306,0.255387737306902,0.202452111687532,0.543424331935446,0.273338423492705
2011-06-01,-0.959427625457648,-0.361704132594987,0.183977292083414,-1.14158176590336,0.543424331935446,-0.347062379987427
2011-07-01,0.383349917513804,-1.09742848832135,0.183977292083414,-0.446122375754583,0.151632436043627,-0.164918243687018
2011-08-01,-0.667972034735163,-0.438780017480606,-0.0302540435870502,-0.446122375754583,-0.318517839026555,-0.380329262116791
2011-09-01,-1.05310977961845,-0.571911091373948,-0.244485379257514,-0.969670455978942,-0.396876218204918,-0.647210584886754
2011-10-01,-0.782472445376139,-0.0744212889304074,0.255387737306902,-0.266396915379057,-0.0834427014914637,-0.190269122774033
2011-11-01,-0.366107315772588,-0.943276718550112,-0.0302540435870502,0.436876625220827,0.543424331935446,-0.0718674241506954
2011-12-01,0.289667763353005,-0.263607551831472,-0.0302540435870502,-0.758688393798977,0.151632436043627,-0.122249957964173
2012-01-01,0.581123354075491,-0.13047647793813,0.0411564016364377,-0.0866714550035312,0.621782711113809,0.205382906776815
2012-02-01,0.67480550823629,0.296944338245757,0.469619072977365,0.108682306274215,0.543424331935446,0.418695111533814
2012-03-01,0.955851970718687,0.766406546185436,0.326798182530389,0.0227266513120063,-0.00508432231309999,0.413339805686684
2012-04-01,0.258440378632739,-0.22156616007568,-0.101664488810538,0.569717182889694,0.465065952757082,0.193998573078659
2012-05-01,-0.792881573616228,-0.501842105114294,0.112566846859926,-0.383609172145705,0.308349194400355,-0.251483361923189
2012-06-01,0.195985609192206,-0.354697233969022,-0.0302540435870502,-0.297653517183497,-0.00508432231309999,-0.0983407015720926
2012-07-01,-0.730426804175695,-0.61395248312974,-0.0302540435870502,-0.59459123432567,-0.318517839026555,-0.457548480848942
2012-08-01,-0.980245881937826,-0.284628247709368,0.0411564016364377,-0.438308225303474,-0.318517839026555,-0.396108758468157
2012-09-01,-0.230788648651434,-0.43177311885464,0.0411564016364377,-0.469564827107913,-0.710309734918373,-0.360255985579185
2012-10-01,-1.34456537034093,0.0727235822148652,-0.530127160151466,-0.868086500114514,-0.475234597383282,-0.629058009155066
2012-11-01,-2.04197696242688,-1.75607695916209,-1.10141072193937,-1.2509798722189,-0.867026493275101,-1.40349420180447
2012-12-01,-1.01147326665809,-0.340683436717091,-1.10141072193937,-0.399237473047924,-0.788668114096737,-0.728294602491843
2013-01-01,-1.76093049994448,0.0867373794667959,-0.958589831492394,-0.59459123432567,-1.02374325163183,-0.850223487585516
2013-02-01,-0.980245881937826,-0.333676538091126,-0.74435849582193,-0.289839366732387,-0.631951355740009,-0.596014327664656
2013-03-01,-0.449380341693298,0.331978831375583,-0.315895824481002,-0.844644048761185,-0.240159459848191,-0.303620168681619
2013-04-01,-0.2620160333717,-0.0534005930525113,-0.672948050598442,-0.58677708387456,-0.867026493275101,-0.488433650834463
2013-05-01,-0.751245060655873,-0.564904192747982,-0.458716714927978,-0.407051623499034,-0.710309734918373,-0.578445465349848
2013-06-01,-1.27170147266031,0.247896047863999,-0.38730626970449,0.257151164845301,-0.0834427014914637,-0.247480646229393
2013-07-01,-1.30292885738058,0.528171992902613,-0.601537605374954,0.991681307249625,-0.475234597383282,-0.171969551997315
2013-08-01,-0.334879931052322,-0.452793814732537,-0.315895824481002,0.179009660334203,-0.0834427014914637,-0.201600522284624
2013-09-01,-0.730426804175695,0.0517028863369691,-0.0302540435870502,0.171195509883093,0.308349194400355,-0.0458866514284658
2013-10-01,-0.667972034735163,-0.452793814732537,-0.74435849582193,0.468133227025267,-0.0834427014914637,-0.296086763951165
2013-11-01,0.341713404553449,0.240889149238034,-0.101664488810538,0.31185021800307,0.229990815221991,0.204555819641201
2013-12-01,-1.16761019025942,0.198847757482242,-0.244485379257514,0.0383549522142259,0.543424331935446,-0.126293705577005
2014-01-01,-0.345289059292411,0.787427242063332,0.683850408647829,0.085239854920885,-0.161801080669827,0.209885473133962
2014-02-01,-0.0434243403298361,0.612254776414198,-0.458716714927978,-0.110113906356861,-0.161801080669827,-0.0323602531740609
2014-03-01,-0.699199419455429,0.640282370918059,-0.958589831492394,0.851026599129648,0.151632436043627,-0.00296956897129758
2014-04-01,-0.345289059292411,0.542185790154544,0.398208627753877,0.0305408017631163,0.229990815221991,0.171127395120224
2014-05-01,-0.0434243403298361,0.437082310765064,0.183977292083414,0.499389828829706,0.308349194400355,0.27707485714974
2014-06-01,0.768487662397089,0.521165094276648,0.112566846859926,0.655672837851903,0.151632436043627,0.441904975485838
2014-07-01,0.435395558714248,0.177827061604346,0.612439963424341,0.585345483791914,0.465065952757082,0.455214804058386
2014-08-01,1.1328071508002,0.444089209391029,0.183977292083414,0.108682306274215,0.386707573578718,0.451252706425514
2014-09-01,0.206394737432295,-0.193538565571818,0.183977292083414,0.843212448678538,0.386707573578718,0.285350697240229
2014-10-01,-0.0746517250501025,0.787427242063332,0.112566846859926,0.483761527927486,0.308349194400355,0.323490617240199
2014-11-01,0.549895969355224,0.030682190459073,0.612439963424341,0.686929439656342,0.778499469470537,0.531689406473103
2014-12-01,-0.116288238010457,-0.298642044961299,0.826671299094805,0.397805872965278,0.8568578486489,0.333280947547445
2015-01-01,0.768487662397089,-0.663000773511497,0.255387737306902,0.452504926123047,0.229990815221991,0.208674073507506
2015-02-01,0.102303455031407,-1.11144228557328,-0.173074934034026,0.468133227025267,-0.161801080669827,-0.175176323644092
2015-03-01,0.393759045753893,-0.382724828472883,-0.458716714927978,-0.219512012672398,0.543424331935446,-0.0247540356767842
2015-04-01,-0.52224423937392,-0.789124948778874,-1.31564205760983,0.147753058529764,0.308349194400355,-0.434181798566502
2015-05-01,-0.116288238010457,-0.670007672137463,-0.38730626970449,0.186823810785313,0.700141090292173,-0.0573274557549848
2015-06-01,-0.0642425968100136,-0.410752422976745,-1.03000027671588,0.139938908078654,0.543424331935446,-0.164326411297708
2015-07-01,-0.199561263931168,-0.466807611984467,-0.672948050598442,0.116496456725324,0.621782711113809,-0.120207551734989
2015-08-01,-0.834518086576583,-0.866200833664493,-0.815768941045418,0.085239854920885,0.621782711113809,-0.36189305905036
2015-09-01,-0.470198598173476,-1.24457335946662,-1.38705250283332,-0.367980871243485,0.935216227827264,-0.506917820777928
2015-10-01,-0.2620160333717,-0.186531666945853,-0.74435849582193,-0.680546889287878,0.386707573578718,-0.297349102369729
2015-11-01,-0.272425161611789,0.00265459595521163,-0.458716714927978,0.460319076574157,0.0732740568652637,-0.038978829429027
2015-12-01,-0.720017675935607,-0.452793814732537,-0.815768941045418,-1.07125441184337,0.308349194400355,-0.550297129831315
2016-01-01,-2.38547819434981,-1.24457335946662,-0.958589831492394,-1.24316572176779,0.543424331935446,-1.05767655502823
2016-02-01,-1.10515542081889,-0.242586855953576,-0.958589831492394,-1.66512984612772,0.151632436043627,-0.76396590366979
2016-03-01,-1.20924670321978,-0.768104252900978,-1.03000027671588,-1.14939591635447,0.151632436043627,-0.801022942629496
2016-04-01,-1.27170147266031,-1.0273595020617,-0.530127160151466,-0.649290287483439,-0.240159459848191,-0.743727576441021
2016-05-01,-0.813699830096406,-1.55988379763506,-1.10141072193937,-0.563334632521231,-0.475234597383282,-0.90271271591507
2016-06-01,-1.63602096106342,-0.733069759771151,-0.315895824481002,-0.547706331619011,-0.867026493275101,-0.819943874041937
2016-07-01,-1.05310977961845,-0.291635146335333,-0.530127160151466,-0.227326163123508,-0.475234597383282,-0.515486569322407
2016-08-01,-1.89624916706564,-0.0604074916784767,-0.173074934034026,-0.352352570341265,0.308349194400355,-0.43474699374381
2016-09-01,-0.407743828732943,-0.606945584503775,0.112566846859926,0.32747851890529,-0.867026493275101,-0.288334108149321
2016-10-01,-0.428562085213121,-0.515855902366225,0.255387737306902,0.358735120709729,0.308349194400355,-0.00438918703247207
2016-11-01,-0.865745471296849,0.542185790154544,-0.74435849582193,-0.618033685679,0.308349194400355,-0.275520533648576
2016-12-01,0.0502578138309631,1.03967559259808,-0.173074934034026,0.491575678378596,0.700141090292173,0.421715048213158
2017-01-01,0.300076891593094,0.934572113208604,0.898081744318293,1.10889356401627,1.09193298618399,0.866711459864051
2017-02-01,0.206394737432295,1.10273768023177,0.826671299094805,0.389991722514168,1.17029136536236,0.739217360927079
2017-03-01,-0.990655010177915,0.345992628627514,1.68359664177666,1.24173412168514,0.935216227827264,0.643176921947733
2017-04-01,-0.52224423937392,0.612254776414198,0.898081744318293,1.17922091807626,0.935216227827264,0.620505885452419
2017-05-01,-0.168333879210901,1.36899982801846,0.969492189541781,0.76507094416744,0.8568578486489,0.758417386233135
2017-06-01,-0.230788648651434,0.66830996542192,1.11231307998876,0.913539802738527,1.32700812371908,0.75807646464337
2017-07-01,-0.126697366250546,0.934572113208604,0.826671299094805,0.960424705445186,1.48372488207581,0.815739126714772
2017-08-01,-0.251606905131612,0.521165094276648,0.898081744318293,1.18703506852737,1.48372488207581,0.767679976813302
2017-09-01,0.164758224471939,1.28491704450687,0.969492189541781,0.929168103640747,1.32700812371908,0.935068737176084
2017-10-01,0.341713404553449,0.878516924200881,1.4693653061062,1.50741523702287,0.700141090292173,0.979430392435115
2017-11-01,0.164758224471939,0.416061614887168,1.4693653061062,1.46053033431621,0.8568578486489,0.873514665686084
2017-12-01,0.518668584634958,1.03266869397212,1.32654441565922,1.17140676762515,0.8568578486489,0.98122926210807
2018-01-01,0.997488483679042,1.44607571290408,1.32654441565922,0.960424705445186,0.778499469470537,1.10180655743161
2018-02-01,0.102303455031407,0.787427242063332,1.54077575132968,1.42927373251178,1.01357460700563,0.974670957588365
2018-03-01,0.310486019833183,0.773413444811401,1.11231307998876,1.17140676762515,1.48372488207581,0.97026883886686
2018-04-01,-0.199561263931168,0.780420343437366,1.4693653061062,1.06982281176072,1.56208326125417,0.936426091725458
2018-05-01,0.175167352712028,0.9555928090865,1.39795486088271,1.72621144965395,1.17029136536236,1.08504356753951
2018-06-01,0.404168173993981,1.19382736236932,1.4693653061062,1.15577846672293,1.56208326125417,1.15704451408932
2018-07-01,0.59153248231558,1.22185495687318,1.82641753222364,0.874469050482978,1.09193298618399,1.12124140161587
2018-08-01,0.0190304291106967,1.37600672664442,1.32654441565922,0.999495457700735,1.48372488207581,1.04096038223818
2018-09-01,-0.272425161611789,1.17280666649143,1.04090263476527,0.890097351385197,0.543424331935446,0.67496116459311
2018-10-01,-0.553471624094186,0.745385850307539,0.183977292083414,0.944796404542966,1.32700812371908,0.529539209311763
2018-11-01,-0.209970392171256,1.30593774038477,0.826671299094805,1.1323360153696,1.32700812371908,0.8763965572794
2018-12-01,-0.0226060838496586,0.331978831375583,1.32654441565922,1.01512375860295,1.01357460700563,0.732923105758746
2019-01-01,-0.844927214816672,1.03967559259808,0.541029518200853,0.851026599129648,0.700141090292173,0.457389117080817
2019-02-01,-0.0642425968100136,0.647289269544024,0.683850408647829,0.280593616198631,0.386707573578718,0.386839654231838
2019-03-01,-0.126697366250546,0.983620403590361,0.898081744318293,0.108682306274215,0.229990815221991,0.418735580630863
2019-04-01,-0.126697366250546,0.626268573666129,0.398208627753877,-0.493007278461242,0.308349194400355,0.142624350221714
2019-05-01,-0.282834289851878,0.289937439619791,0.469619072977365,0.522832280183035,0.700141090292173,0.339939118644097
2019-06-01,-0.303652546332056,-0.256600653205507,-0.244485379257514,0.624416236047463,-0.161801080669827,-0.0684246846834881
2019-07-01,-0.491016854653653,0.338985730001549,-0.601537605374954,0.538460581085255,-0.0834427014914637,-0.0597101700866534
2019-08-01,0.33130427631336,-0.0814281875563726,-0.601537605374954,0.382177572063059,-0.240159459848191,-0.0419286808806198
2019-09-01,-0.626335521774808,-0.592931787251844,-0.173074934034026,0.77288509461855,-0.318517839026555,-0.187594997493736
2019-10-01,-0.480607726413565,0.0446959877110036,-0.601537605374954,0.405620023416388,0.151632436043627,-0.0960393769234999
2019-11-01,-0.626335521774808,-0.249593754579541,-0.458716714927978,0.546274731536365,-0.0834427014914637,-0.174362792247485
2019-12-01,-0.699199419455429,-0.445786916106571,-0.38730626970449,0.600973784694134,-0.0834427014914637,-0.202952304412764
2020-01-01,-0.678381162975252,0.0587097849629345,0.326798182530389,0.210266262138642,0.543424331935446,0.0921634797184321
2020-02-01,-0.376516444012677,-0.277621349083403,0.398208627753877,0.139938908078654,-0.00508432231309999,-0.0242149159153297
2020-03-01,-0.876154599536938,-2.87718073931655,-2.52961962640913,0.507203979280816,-0.631951355740009,-1.28154046834436
2020-04-01,-1.39661101154138,-2.2395529643537,-1.67269428372727,0.241522863943082,-2.19911893930728,-1.45329086699731
2020-05-01,-0.855336343056761,-1.88920803305543,-1.38705250283332,-0.344538419890156,-0.945384872453464,-1.08430403425783
2020-06-01,0.0398486855908742,-0.284628247709368,-0.530127160151466,0.851026599129648,0.8568578486489,0.186595545101718
2020-07-01,0.258440378632739,-0.782118050152908,-0.458716714927978,1.10107941356516,0.935216227827264,0.210780250988856
2020-08-01,-0.324470802812233,0.381027121757341,0.612439963424341,0.741628492814111,1.32700812371908,0.547526579780528
2020-09-01,-0.147515622730724,0.0657166835888997,0.183977292083414,1.78872465326283,2.18895029468108,0.8159706601771
2020-10-01,0.477032071674603,0.128778771222588,0.541029518200853,2.21850292807387,0.778499469470537,0.82876855172849
2020-11-01,0.372940789273715,0.388034020383306,0.255387737306902,1.51522938747398,1.40536650289745,0.787391687467071
2020-12-01,0.279258635112916,0.745385850307539,0.541029518200853,1.6871406973984,1.09193298618399,0.86894953744074
2021-01-01,0.456213815194425,0.584227181910336,0.755260853871317,1.2886190243918,1.7188000196109,0.960624178995756
2021-02-01,-0.209970392171256,0.507151297024717,1.04090263476527,0.882283200934088,1.79715839878926,0.803505027868416
2021-03-01,1.33058058736188,1.12375837610967,1.75500708700015,1.79653880371394,1.7188000196109,1.54493697475931
2021-04-01,2.23617474424961,1.77539994832445,2.54052198445852,2.51544064521604,2.11059191550272,2.23562584755027
2021-05-01,1.94471915352712,1.73335855656865,2.18346975834108,2.44511329115605,2.5807421905729,2.17748059003316
2021-06-01,2.40272079609103,1.8244482387062,2.11205931311759,2.78112176055378,2.97253408646472,2.41857683898666
2021-07-01,2.63172161737298,1.50913780053776,2.18346975834108,2.99210382273374,3.05089246564308,2.47346509292573
2021-08-01,2.06962869240819,1.55117919229356,2.0406488678941,1.7652822019095,2.50238381139454,1.98582455317998
2021-09-01,2.25699300072978,1.90853102221779,1.89782797744712,1.47615863521843,2.89417570728636,2.0867372685799
2021-10-01,1.92390089704694,0.899537620078777,1.82641753222364,1.59337089198508,2.50238381139454,1.7491221505458
2021-11-01,1.24730756144117,0.927565214582639,1.96923842267061,2.50762649476493,2.42402543221617,1.81515262513511
2021-12-01,1.45549012624295,1.4811102060339,1.39795486088271,2.8827057164182,2.42402543221617,1.92825726835879
2022-01-01,1.17444366376055,2.01363450160727,2.89757421057596,1.2886190243918,2.03223353632436,1.88130098733199
2022-02-01,0.716442021196645,1.48811710465987,2.25488020356456,1.14796431627182,2.18895029468108,1.5592707880748
2022-03-01,0.872578944797976,1.02566179534615,1.89782797744712,1.31987562619624,1.79715839878926,1.38262054851535
2022-04-01,0.747669405916911,1.03967559259808,1.75500708700015,1.18703506852737,2.18895029468108,1.38366748974472
2022-05-01,0.372940789273715,0.591234080536302,1.54077575132968,0.647858687400793,0.0732740568652637,0.645216673081151
2022-06-01,0.685214636476378,-0.620959381755705,0.755260853871317,-0.618033685679,0.543424331935446,0.148981350969687
2022-07-01,0.404168173993981,0.416061614887168,2.0406488678941,-0.1413705081613,0.543424331935446,0.652586496109879
2022-08-01,1.18485279200064,0.030682190459073,0.398208627753877,0.413434173867498,1.17029136536236,0.639493829888689
2022-09-01,-0.0538334685699247,0.296944338245757,0.326798182530389,0.218080412589752,0.465065952757082,0.250611083510611
2022-10-01,-0.0850608532901911,-0.880214630916423,0.0411564016364377,-0.375795021694595,-0.240159459848191,-0.308014712822593
2022-11-01,-0.584699008814452,-0.102448883434269,-0.101664488810538,-0.414865773950144,0.543424331935446,-0.132050764614792
2022-12-01,-0.376516444012677,-0.340683436717091,-0.315895824481002,-0.102299755905751,-0.240159459848191,-0.275110984192942
2023-01-01,-0.928200240737382,-0.200545464197784,0.898081744318293,-1.7276430497366,0.229990815221991,-0.345663239026295
2023-02-01,-1.78174875642466,0.0236752918331078,-0.101664488810538,-0.946228004625613,0.0732740568652637,-0.546538380232488
2023-03-01,-1.51111142218235,-0.501842105114294,-0.0302540435870502,-1.03999781003893,-0.475234597383282,-0.711687995661182
2023-04-01,-0.543062495854097,-0.00435230267075383,-0.173074934034026,-1.28223647402333,-0.161801080669827,-0.432905457450408
