date,biz_activity,biz_climate,employment,wages,prices_paid,prices_received,capex,f_biz_activity,f_biz_climate,f_employment,f_wages,f_prices_paid,f_prices_received,f_capex
2004-09-01,22.1,-3.8,21.1,45.0,56.2,29.7,,50.0,29.0,27.9,49.2,61.5,30.8,49.2
2004-10-01,21.6,-2.3,23.4,46.0,63.2,18.2,,36.8,20.0,27.4,48.0,65.0,25.0,43.4
2004-11-01,23.8,8.8,22.3,34.6,60.5,19.7,,47.3,22.1,29.2,46.6,62.6,37.1,41.1
2004-12-01,12.4,11.6,15.9,36.0,66.7,28.7,,32.2,17.9,25.8,57.3,66.3,42.0,33.7
2005-01-01,20.8,10.3,15.0,42.9,63.2,32.7,,48.6,33.3,32.1,54.2,64.8,39.6,32.4
2005-02-01,11.1,8.0,15.7,49.0,64.5,30.2,,44.9,44.7,27.1,54.6,68.5,40.6,36.4
2005-03-01,17.3,-1.9,13.3,45.4,65.0,27.3,,30.3,19.8,29.0,46.0,67.0,30.3,39.4
2005-04-01,18.5,17.5,14.1,41.1,69.6,37.8,,33.0,22.7,28.6,57.6,72.5,32.6,35.9
2005-05-01,18.1,4.1,14.8,47.4,66.1,33.9,,36.2,12.3,22.4,49.6,70.5,43.0,27.8
2005-06-01,18.4,7.6,24.2,37.9,60.4,29.3,,43.4,24.8,30.9,51.0,61.6,36.4,35.4
2005-07-01,23.7,19.2,20.8,50.5,63.2,33.0,,35.1,19.2,24.0,49.5,65.6,34.0,33.0
2005-08-01,20.4,19.4,20.7,47.3,67.4,29.7,,48.4,28.9,32.3,43.5,64.1,31.1,41.9
2005-09-01,12.5,-7.7,23.6,48.6,74.5,31.8,,18.2,-9.4,17.9,39.3,83.9,39.3,30.6
2005-10-01,26.6,1.0,17.2,50.0,77.2,36.2,,18.1,-2.0,18.3,52.1,75.3,43.5,26.9
2005-11-01,10.9,-5.6,16.2,42.6,73.2,26.7,,18.8,6.6,14.9,61.4,74.7,32.0,28.0
2005-12-01,14.4,5.4,20.2,41.4,71.9,22.5,,35.6,26.1,25.6,51.7,65.6,36.4,26.7
2006-01-01,-4.3,-8.0,28.9,46.7,64.4,33.3,,23.9,14.6,17.4,58.7,67.4,31.1,43.5
2006-02-01,17.0,-7.7,13.6,50.6,64.4,31.0,,35.2,18.7,28.7,59.1,65.9,29.5,34.1
2006-03-01,18.1,0.0,14.5,45.1,66.3,25.6,,32.5,13.3,16.9,53.0,63.9,31.3,29.3
2006-04-01,32.9,16.1,20.0,52.4,57.8,25.9,,43.5,31.8,31.8,45.9,57.6,36.5,32.5
2006-05-01,18.9,8.9,16.4,59.7,78.1,28.4,,29.7,30.4,39.2,48.6,81.1,37.0,37.8
2006-06-01,15.7,4.3,13.6,44.3,79.3,31.8,,27.0,0.0,26.1,47.7,76.4,36.4,28.1
2006-07-01,24.6,9.9,11.8,48.5,71.2,42.6,,33.8,5.7,25.0,45.6,67.2,30.4,30.9
2006-08-01,6.6,-6.2,28.9,54.1,75.0,27.6,,14.5,-3.7,20.8,48.1,68.0,33.8,28.9
2006-09-01,20.8,0.0,17.9,46.8,64.1,26.7,,29.5,1.2,24.7,50.0,61.8,28.2,21.8
2006-10-01,11.9,5.9,22.4,43.3,47.0,13.6,,20.9,4.4,29.9,47.8,50.0,31.3,18.2
2006-11-01,13.8,0.0,25.0,50.8,64.6,17.5,,24.6,0.0,29.2,58.7,66.2,34.9,33.8
2006-12-01,27.5,12.7,22.4,45.3,60.0,25.8,,34.8,14.1,35.8,63.6,66.7,43.9,28.8
2007-01-01,27.2,14.5,25.0,55.7,59.5,30.0,,23.8,8.5,25.3,58.2,60.0,24.4,25.9
2007-02-01,12.9,9.2,19.4,61.3,63.5,27.4,,41.7,23.1,35.0,50.8,54.0,40.3,31.7
2007-03-01,16.7,4.8,22.0,50.9,58.3,35.0,,40.0,14.5,25.4,58.3,55.0,40.0,25.4
2007-04-01,16.3,-2.5,24.7,58.8,65.4,25.0,,23.5,4.9,35.8,50.6,65.4,26.3,36.3
2007-05-01,17.7,7.9,16.1,59.0,50.8,27.4,,29.0,27.0,30.6,48.4,54.8,26.2,24.2
2007-06-01,27.0,22.7,18.9,51.4,60.8,34.2,,33.8,10.7,33.8,51.4,57.5,41.1,29.7
2007-07-01,17.1,12.5,29.0,50.7,55.7,30.0,,34.3,29.6,36.6,50.0,54.9,34.3,44.9
2007-08-01,16.4,6.6,21.6,54.2,62.2,23.3,,27.0,5.3,21.6,39.2,58.7,32.9,26.7
2007-09-01,7.0,-18.1,22.5,48.6,62.0,33.3,,25.7,-5.6,23.9,47.9,62.9,43.7,31.0
2007-10-01,22.2,-2.7,20.3,50.7,45.7,25.7,,25.0,-1.4,18.1,48.6,61.1,33.8,36.1
2007-11-01,7.9,-5.2,23.7,44.0,61.6,28.4,,2.6,-15.6,19.7,59.2,65.3,38.7,25.3
2007-12-01,-11.9,-15.9,19.1,41.3,64.7,22.4,,2.9,-18.8,14.9,48.5,61.8,39.7,25.8
2008-01-01,4.6,-24.2,20.6,47.6,65.1,31.1,,10.9,-12.3,26.2,52.3,70.3,31.3,24.6
2008-02-01,-14.5,-42.9,-5.0,52.5,60.0,32.2,,-11.7,-28.6,16.7,41.9,69.4,29.0,11.5
2008-03-01,-6.0,-39.7,-3.0,41.5,75.8,38.5,,-3.0,-29.4,7.6,43.3,70.3,44.8,19.4
2008-04-01,-24.6,-48.4,1.7,37.3,66.7,37.3,,6.6,-21.0,8.3,45.0,72.1,41.0,11.7
2008-05-01,-12.7,-53.6,0.0,43.6,79.2,29.6,,3.6,-19.6,3.6,43.6,80.0,40.0,18.2
2008-06-01,-22.8,-50.0,5.3,39.3,87.5,45.6,,-1.8,-34.5,5.4,47.4,86.0,47.4,19.3
2008-07-01,-24.6,-72.4,-3.6,26.8,80.4,35.7,,-15.8,-34.5,-14.3,32.1,89.3,58.9,15.8
2008-08-01,-5.2,-50.8,-7.1,51.7,82.8,41.4,,-5.3,-22.0,0.0,32.8,84.5,37.9,22.4
2008-09-01,-27.6,-61.0,-6.9,48.2,68.4,22.4,,3.4,-13.6,-6.9,35.1,71.9,29.3,3.5
2008-10-01,-33.9,-72.1,-18.6,36.7,62.7,15.0,,-41.7,-65.6,-42.4,33.3,60.0,16.7,-18.3
2008-11-01,-36.1,-77.4,-25.0,32.8,37.3,1.6,,-36.1,-61.3,-37.7,41.7,20.0,4.9,-18.3
2008-12-01,-44.0,-78.4,-32.7,38.8,25.0,-4.1,,-52.0,-66.7,-42.9,24.5,14.0,-12.0,-32.0
2009-01-01,-30.2,-71.9,-33.3,22.0,0.0,0.0,,-19.0,-46.9,-42.9,33.3,7.9,4.8,-37.7
2009-02-01,-44.3,-88.5,-47.5,13.6,-7.0,-6.7,,-27.9,-57.4,-37.7,13.1,3.4,8.3,-21.3
2009-03-01,-47.1,-78.3,-45.5,3.1,-3.1,-18.8,,-25.4,-53.6,-31.3,6.0,0.0,-1.5,-26.5
2009-04-01,-11.5,-62.9,-39.0,15.0,-1.7,-15.0,,8.3,-11.3,-14.8,18.0,16.4,9.8,-11.7
2009-05-01,-9.7,-58.7,-31.1,19.4,4.9,0.0,,29.0,15.9,-8.2,19.4,11.5,14.8,-8.2
2009-06-01,-5.5,-76.8,-40.0,5.5,15.4,-7.4,,20.0,-3.6,1.8,9.3,31.5,5.7,-7.3
2009-07-01,-15.3,-71.7,-39.7,10.2,-1.7,-8.9,,25.4,11.7,-3.4,16.9,18.6,-5.1,-6.8
2009-08-01,17.7,-50.8,-23.3,16.4,15.8,3.3,,32.3,17.5,4.9,17.7,38.7,13.1,1.6
2009-09-01,8.1,-55.6,-24.2,16.4,14.5,1.7,,32.3,23.8,1.6,30.6,19.4,-4.8,8.1
2009-10-01,12.5,-53.4,-25.0,16.4,7.4,-3.5,,35.1,19.3,12.3,28.1,21.4,10.5,0.0
2009-11-01,15.2,-40.4,-8.7,15.2,17.8,-2.2,,19.6,14.9,4.3,26.1,30.4,6.5,-2.2
2009-12-01,11.9,-57.8,-11.6,16.3,19.0,2.5,,44.2,17.8,7.0,45.2,30.2,-2.4,7.0
2010-01-01,7.3,-39.3,-11.1,25.9,24.1,5.7,,45.5,32.1,23.6,54.5,38.2,22.6,10.9
2010-02-01,13.5,-46.3,1.9,29.4,28.8,5.9,,37.3,18.5,23.5,47.1,30.8,21.2,21.2
2010-03-01,6.1,-54.0,-4.2,33.3,34.7,4.2,,44.9,26.0,28.6,47.9,40.8,20.4,26.5
2010-04-01,14.9,-41.7,0.0,21.3,34.0,10.9,,42.6,43.8,21.3,51.1,48.9,25.5,10.6
2010-05-01,5.9,-41.2,2.0,25.5,35.3,8.2,,31.4,27.5,23.5,39.2,42.0,14.0,-3.9
2010-06-01,0.0,-50.0,0.0,22.4,22.0,-4.0,,28.6,10.0,14.0,34.7,34.0,2.0,8.0
2010-07-01,8.0,-51.0,10.0,32.0,36.7,2.0,,20.0,16.0,32.0,38.0,48.0,6.1,6.4
2010-08-01,6.8,-43.5,9.1,37.8,26.7,4.5,,37.8,8.7,20.5,33.3,28.9,4.5,8.9
2010-09-01,8.3,-47.1,12.0,40.4,34.0,12.2,,26.5,5.9,22.0,32.0,38.0,16.3,12.0
2010-10-01,14.0,-37.8,14.0,46.5,33.3,2.3,,15.9,9.1,16.3,45.5,47.7,11.4,0.0
2010-11-01,17.5,-20.5,23.1,33.3,30.8,0.0,,17.5,17.1,22.5,37.5,42.5,5.1,0.0
2010-12-01,12.2,-36.0,14.6,30.6,47.9,17.4,,22.4,16.0,4.2,49.0,56.2,20.8,0.0
2011-01-01,4.3,-19.1,11.1,39.5,53.3,9.1,,41.3,34.0,15.2,48.9,55.6,42.2,2.2
2011-02-01,11.9,-41.9,16.7,31.7,50.0,22.5,,50.0,36.6,22.0,41.5,64.3,32.5,2.4
2011-03-01,4.5,-31.1,2.3,44.2,68.3,16.7,,45.5,25.0,11.4,43.2,72.7,54.5,-2.4
2011-04-01,14.6,-23.8,9.8,40.0,63.4,30.0,,41.5,33.3,17.1,50.0,65.9,43.6,7.9
2011-05-01,10.9,-21.3,9.1,43.5,60.0,15.2,,23.9,19.1,4.4,41.3,69.6,42.2,4.4
2011-06-01,-10.4,-51.0,6.5,43.7,68.1,16.7,,31.9,14.3,22.9,41.7,56.3,27.1,16.7
2011-07-01,0.0,-38.1,2.4,41.0,66.7,30.8,,29.3,9.8,15.0,36.6,46.3,24.4,7.3
2011-08-01,-17.0,-57.1,10.6,44.4,48.9,4.3,,10.4,-4.1,-2.2,25.5,52.1,6.7,-2.1
2011-09-01,-10.4,-55.1,-10.6,29.8,45.8,6.5,,12.5,-6.1,10.9,27.1,52.1,6.3,2.1
2011-10-01,-20.9,-56.5,0.0,27.3,34.9,-4.7,,0.0,-8.7,18.6,34.1,42.2,2.2,11.1
2011-11-01,-2.4,-37.2,-2.4,22.5,42.5,5.0,,17.1,2.3,10.3,40.0,45.0,24.4,12.5
2011-12-01,-2.5,-37.2,0.0,22.0,42.5,-2.4,,14.3,-4.7,9.5,43.9,51.2,29.3,-17.1
2012-01-01,-7.9,-39.0,10.5,42.9,51.4,7.7,,38.5,17.1,23.7,51.3,41.0,30.8,7.7
2012-02-01,6.7,-29.2,4.4,32.6,56.8,6.5,,37.0,33.3,15.9,50.0,52.3,26.7,8.9
2012-03-01,15.6,-13.0,9.1,27.9,55.6,4.5,,40.0,20.0,26.7,60.0,62.2,26.7,18.2
2012-04-01,12.8,-10.4,2.2,38.6,51.1,6.7,,34.0,16.7,25.5,36.2,42.6,21.3,-2.2
2012-05-01,16.2,-26.1,14.7,33.8,35.8,0.0,,31.3,13.0,27.9,43.3,53.0,17.6,10.4
2012-06-01,11.2,-34.4,9.0,28.9,34.8,1.2,,18.0,-5.6,21.3,28.4,45.5,14.9,12.5
2012-07-01,-6.4,-35.8,6.4,30.1,25.0,-8.6,,13.8,-7.4,9.7,33.7,37.2,9.9,8.9
2012-08-01,-15.1,-37.9,1.2,29.3,41.2,1.2,,17.4,-11.5,-6.0,21.2,43.0,7.1,2.4
2012-09-01,4.4,-31.5,4.4,30.7,42.2,8.9,,4.3,3.3,5.6,25.0,47.8,13.0,9.9
2012-10-01,-1.2,-36.0,-1.2,30.9,54.1,6.0,,24.7,3.5,0.0,30.2,53.6,8.2,7.1
2012-11-01,-31.3,-47.6,0.0,23.5,49.4,3.7,,-1.2,-8.5,-4.9,25.9,53.1,2.4,4.9
2012-12-01,-6.4,-32.5,-1.3,23.4,40.3,5.1,,11.5,-6.3,6.4,46.2,59.0,26.6,7.6
2013-01-01,-1.2,-27.2,10.0,33.3,39.5,13.6,,22.5,18.5,5.2,46.8,53.1,18.8,6.2
2013-02-01,-4.8,-20.5,-1.2,36.1,53.0,12.3,,27.7,26.5,0.0,42.2,60.2,29.3,9.6
2013-03-01,-3.8,-32.9,5.1,43.0,51.3,11.7,,30.8,20.3,11.4,39.7,50.6,21.1,11.8
2013-04-01,2.3,-25.6,-1.2,37.6,47.6,15.3,,30.1,21.2,15.1,31.4,48.8,23.8,13.3
2013-05-01,8.5,-18.3,9.8,37.8,50.6,13.8,,34.1,24.7,19.5,40.2,45.7,24.7,25.9
2013-06-01,1.2,-22.0,8.5,28.4,48.8,6.2,14.6,32.9,24.4,12.5,38.9,52.8,11.3,23.9
2013-07-01,7.5,-17.2,5.4,31.5,42.4,14.4,19.8,26.1,16.1,15.3,30.2,43.0,20.9,16.3
2013-08-01,4.9,-17.5,4.0,37.6,39.6,11.9,17.0,31.1,25.2,23.5,38.8,51.0,22.2,17.2
2013-09-01,3.5,-8.8,16.4,32.7,52.3,13.6,15.5,28.6,20.4,19.1,40.9,56.4,24.5,13.8
2013-10-01,8.7,-29.5,12.6,30.1,46.6,16.5,8.7,19.0,-2.9,13.0,44.9,55.1,24.7,12.2
2013-11-01,14.1,-14.1,7.2,32.7,41.8,9.6,13.4,27.3,21.2,19.5,46.5,43.7,27.1,21.8
2013-12-01,7.9,-12.2,8.8,28.9,46.5,16.1,5.3,31.0,23.7,15.9,48.6,54.2,24.0,18.7
2014-01-01,6.2,-8.0,0.9,26.5,48.7,9.7,15.9,46.9,37.2,19.2,40.4,50.5,26.9,32.0
2014-02-01,-10.5,-28.9,9.0,36.9,51.4,15.5,8.2,41.2,29.2,12.3,38.7,57.5,28.3,12.1
2014-03-01,-2.4,-21.8,1.7,36.9,55.7,16.5,9.0,45.5,33.1,25.0,40.8,62.5,33.6,22.7
2014-04-01,12.7,-6.7,6.2,30.5,51.9,9.2,2.3,40.2,27.1,34.1,42.6,61.0,27.6,18.7
2014-05-01,5.5,-10.9,16.4,32.0,54.7,19.0,9.4,43.0,33.3,29.8,38.8,59.5,34.2,25.0
2014-06-01,16.8,-9.4,12.6,33.1,54.0,13.5,20.8,42.9,21.9,28.7,37.7,54.1,25.0,17.9
2014-07-01,12.3,-7.1,12.1,32.9,56.4,11.6,15.0,39.3,30.0,27.9,37.7,57.8,26.6,15.6
2014-08-01,16.2,-3.0,21.9,33.3,50.4,14.7,15.6,31.1,13.0,18.0,32.8,55.3,24.4,14.8
2014-09-01,1.6,-11.4,14.0,34.1,45.1,18.0,12.4,36.9,22.8,15.7,28.6,47.8,29.8,10.4
2014-10-01,10.2,-14.0,13.3,28.1,53.1,11.7,19.0,30.7,10.1,30.0,42.9,58.8,20.0,24.2
2014-11-01,17.6,-5.7,12.9,30.2,38.1,13.7,20.1,43.7,31.0,31.9,48.5,54.3,21.2,18.5
2014-12-01,7.8,-7.8,16.3,25.6,42.2,5.4,10.1,30.0,22.0,23.3,48.7,49.2,26.7,25.0
2015-01-01,15.6,0.7,16.0,29.2,39.3,12.0,16.1,35.4,26.5,27.7,56.7,48.6,24.3,19.1
2015-02-01,0.8,-8.4,16.9,35.4,51.5,6.2,16.3,37.4,33.3,25.6,49.2,54.3,26.4,15.2
2015-03-01,-0.7,-13.2,15.4,41.9,41.2,11.9,12.6,54.0,35.0,32.8,49.2,52.7,27.7,24.6
2015-04-01,10.8,-6.9,11.0,29.7,41.1,8.6,11.0,40.0,27.5,35.0,46.3,44.7,27.0,20.7
2015-05-01,12.8,-7.9,10.6,40.2,43.9,6.6,6.6,39.2,25.6,33.9,40.8,49.2,20.2,15.7
2015-06-01,11.2,-12.6,23.5,37.6,48.5,13.5,9.8,28.9,20.1,20.9,37.2,43.0,21.1,19.2
2015-07-01,10.9,-7.3,16.9,34.6,44.1,11.9,9.0,31.9,16.3,20.5,46.5,48.4,21.1,13.4
2015-08-01,4.5,-8.3,14.6,37.7,38.9,6.9,10.9,33.1,18.0,22.2,36.3,43.7,14.4,9.5
2015-09-01,3.8,-12.0,12.9,31.1,32.8,11.4,4.5,15.8,6.1,27.8,38.6,46.4,18.3,12.8
2015-10-01,3.0,-18.8,12.2,26.2,33.3,5.4,2.3,26.3,14.6,18.1,39.1,51.6,24.8,15.1
2015-11-01,-5.1,-15.1,5.0,27.5,38.6,1.4,10.9,25.5,8.7,15.2,52.6,47.7,20.6,18.6
2015-12-01,2.0,-12.7,6.8,26.0,42.2,9.0,7.6,20.7,12.0,23.8,50.3,53.4,28.0,24.1
2016-01-01,4.1,-0.7,8.8,34.7,38.8,10.3,25.2,24.7,11.6,26.4,53.6,45.7,23.4,17.1
2016-02-01,-11.1,-26.7,8.9,34.9,31.5,2.1,4.1,23.6,-8.3,22.3,44.0,40.9,20.6,19.3
2016-03-01,12.6,-10.1,14.8,35.6,39.3,13.4,6.0,31.6,15.3,20.1,44.4,42.4,18.7,21.6
2016-04-01,1.5,-18.7,8.2,35.8,32.8,3.1,7.5,30.1,12.1,26.0,49.2,43.3,17.5,28.6
2016-05-01,5.4,-12.5,4.2,34.1,38.9,5.5,14.5,24.6,6.0,23.5,39.6,40.7,18.1,17.8
2016-06-01,3.2,-19.1,5.1,36.5,35.5,9.6,13.5,22.6,11.3,22.4,42.6,41.4,18.8,23.2
2016-07-01,5.4,-19.7,9.2,32.2,35.5,6.1,15.4,17.1,2.0,23.3,38.6,36.8,19.6,13.8
2016-08-01,-19.9,-31.3,2.8,35.0,35.5,1.4,2.1,19.0,2.8,12.1,35.0,35.8,15.8,12.9
2016-09-01,-8.7,-22.5,8.1,40.8,32.2,7.6,12.2,21.3,7.9,6.8,45.0,42.5,15.0,8.8
2016-10-01,-13.2,-29.7,9.7,33.3,36.4,9.2,6.3,10.6,-3.6,12.6,39.4,41.3,21.0,7.7
2016-11-01,-6.8,-23.9,8.0,26.9,35.8,3.8,10.6,23.6,3.7,17.2,49.1,43.0,23.1,19.2
2016-12-01,-0.6,-3.8,11.2,24.3,34.7,-2.3,7.5,41.2,31.1,25.4,52.3,53.8,31.2,28.7
2017-01-01,7.4,-3.0,17.1,31.0,44.0,9.6,17.2,39.9,34.0,26.3,49.0,54.5,30.6,23.6
2017-02-01,6.7,0.7,19.7,35.4,48.3,11.8,9.0,41.5,25.9,31.5,40.6,52.1,25.7,28.2
2017-03-01,3.2,0.0,10.1,38.9,44.9,17.9,12.7,50.0,35.2,18.6,38.7,52.9,27.9,25.6
2017-04-01,6.7,3.0,4.9,35.2,44.1,17.6,19.8,37.0,27.8,25.8,39.9,48.8,24.5,31.3
2017-05-01,6.6,2.4,6.7,39.0,44.8,17.7,11.0,35.3,21.1,21.5,43.9,43.8,27.8,17.2
2017-06-01,3.4,-15.5,2.7,27.5,36.2,8.8,13.4,31.6,16.7,26.5,40.1,41.7,20.8,20.4
2017-07-01,-0.7,-13.2,9.6,32.4,38.4,10.3,11.2,28.4,16.1,12.6,38.5,44.4,17.6,14.6
2017-08-01,11.7,-6.1,7.5,33.3,36.3,13.8,10.8,31.3,15.5,28.5,33.1,44.4,23.4,20.5
2017-09-01,9.4,-5.3,10.9,34.9,42.2,19.0,6.8,25.9,1.3,23.3,44.8,47.6,27.3,20.5
2017-10-01,5.7,-5.7,18.1,36.2,41.6,15.9,7.1,16.0,3.8,25.5,45.9,49.0,23.1,22.9
2017-11-01,18.9,-3.5,9.3,25.5,43.8,11.3,13.1,34.1,20.0,22.5,49.1,49.1,28.7,20.2
2017-12-01,16.7,9.6,9.1,26.6,45.5,12.1,12.6,33.1,23.6,29.9,55.5,49.0,28.2,28.8
2018-01-01,18.1,16.4,10.5,37.1,49.3,16.6,14.8,47.2,35.4,29.2,55.8,61.2,34.2,26.1
2018-02-01,15.9,21.1,15.5,41.7,56.1,20.5,21.5,50.0,38.6,34.4,53.0,57.0,37.5,30.1
2018-03-01,11.2,7.7,17.9,43.1,49.1,21.5,17.2,43.8,28.6,29.1,49.7,55.8,25.0,25.0
2018-04-01,4.1,3.5,10.1,39.2,50.6,24.8,12.0,29.0,19.4,23.4,42.8,52.8,27.4,29.5
2018-05-01,14.9,11.9,12.4,44.1,52.1,22.8,11.5,37.5,19.4,24.3,48.3,56.1,35.1,27.5
2018-06-01,21.4,21.0,17.7,41.1,62.4,22.3,12.7,36.6,20.8,26.5,51.0,57.5,32.0,22.6
2018-07-01,14.8,13.3,12.9,39.1,58.6,24.6,12.4,32.4,13.9,22.5,47.1,54.0,32.8,19.0
2018-08-01,14.5,13.0,16.3,40.3,56.9,17.7,11.3,30.8,14.9,27.8,38.5,57.7,34.0,21.0
2018-09-01,22.5,23.2,11.9,43.3,50.0,20.1,21.9,28.1,10.7,27.9,47.7,57.5,31.5,24.8
2018-10-01,9.4,22.2,14.2,40.0,61.4,28.1,15.3,32.7,13.2,23.9,56.4,64.9,37.0,30.7
2018-11-01,8.6,12.9,8.6,34.2,57.1,19.5,21.3,17.3,0.0,28.6,51.6,60.9,35.5,34.2
2018-12-01,5.6,-0.6,8.8,34.4,54.4,18.1,16.9,18.6,-11.8,24.5,57.2,60.4,35.5,24.7
2019-01-01,0.0,0.6,7.1,37.1,51.5,17.0,10.8,14.3,-15.7,24.4,52.1,55.4,36.7,16.8
2019-02-01,13.7,3.2,7.3,45.3,58.8,24.8,16.1,31.2,5.9,26.8,52.3,53.6,32.5,26.6
2019-03-01,10.8,-1.3,14.2,54.8,56.8,27.5,15.0,29.2,7.6,21.7,46.1,49.0,35.8,27.3
2019-04-01,10.9,1.8,4.8,43.4,48.2,19.4,11.9,31.1,3.6,24.7,45.5,45.7,30.0,21.3
2019-05-01,20.6,10.7,12.2,37.1,50.3,28.1,15.5,33.1,9.0,30.9,51.2,49.7,35.8,25.7
2019-06-01,5.8,-1.2,7.7,41.1,46.7,18.7,10.8,19.8,-12.8,16.8,41.7,47.9,26.3,16.8
2019-07-01,9.7,4.7,9.7,36.4,49.4,16.6,16.5,28.4,-0.6,27.1,46.7,43.4,26.7,22.1
2019-08-01,9.1,2.8,8.0,40.9,42.0,21.7,17.8,25.0,-8.0,24.3,44.4,47.4,24.1,21.3
2019-09-01,4.9,-15.6,6.7,39.8,38.9,20.0,13.4,11.7,-18.6,19.1,42.1,46.6,24.2,17.3
2019-10-01,-4.3,-14.8,2.2,38.7,43.0,18.3,14.5,2.2,-22.8,12.9,48.4,49.2,24.5,18.1
2019-11-01,2.9,-10.5,1.2,31.7,32.9,16.1,12.0,12.9,-14.0,14.7,48.2,41.8,23.8,11.3
2019-12-01,3.0,-4.5,6.8,35.1,47.1,15.2,21.8,18.0,-6.5,25.6,57.4,55.2,33.2,16.0
2020-01-01,3.7,6.9,4.8,36.4,47.3,22.4,17.9,31.9,7.4,29.2,57.1,52.7,37.0,22.8
2020-02-01,9.8,-2.0,3.1,45.3,48.4,26.7,18.3,35.1,9.2,34.0,50.5,52.6,31.4,20.4
2020-03-01,-13.1,-29.0,4.9,46.5,36.9,20.6,5.0,-13.7,-31.4,12.4,35.8,30.3,10.6,6.0
2020-04-01,-76.5,-94.3,-38.7,-11.4,8.7,-13.2,-33.2,-30.7,-40.8,-27.4,-22.8,0.9,-16.3,-41.3
2020-05-01,-75.8,-92.9,-53.5,-18.9,13.3,-19.8,-47.7,-4.9,-8.0,2.3,4.5,15.9,-6.4,-24.0
2020-06-01,-40.0,-82.3,-43.2,-10.5,20.5,-15.0,-40.6,24.8,13.7,12.8,5.8,19.8,-3.2,-10.7
2020-07-01,-1.8,-75.4,-21.1,0.4,20.4,-7.9,-26.1,7.1,-8.3,6.8,7.2,25.8,3.7,-15.3
2020-08-01,-17.1,-74.1,-14.2,2.8,28.0,-3.7,-27.3,-2.8,-20.4,1.4,5.6,30.5,3.4,-19.4
2020-09-01,-5.4,-66.5,-7.8,7.4,28.6,1.5,-25.0,6.8,-5.4,-0.5,20.7,36.2,8.0,-10.0
2020-10-01,-4.9,-65.9,-6.7,7.6,30.4,1.4,-20.7,1.3,-16.0,7.8,24.0,32.6,10.7,-1.8
2020-11-01,-15.8,-63.1,-3.6,17.3,32.0,-0.5,-18.6,-0.4,-13.0,1.4,24.2,32.1,14.0,-6.5
2020-12-01,-26.9,-60.3,-11.7,11.2,33.0,-0.9,-19.2,4.7,0.0,4.3,26.6,36.7,14.4,-1.0
2021-01-01,-31.8,-63.3,-17.6,19.9,38.9,7.4,-14.2,21.6,16.7,17.1,35.2,41.4,23.1,-1.4
2021-02-01,-21.5,-65.0,-14.5,26.6,42.5,9.9,-10.5,32.5,34.4,22.4,35.4,48.3,20.1,6.7
2021-03-01,-4.8,-50.4,-7.1,34.9,53.2,14.5,-6.9,50.6,50.8,44.0,38.1,56.3,24.8,12.1
2021-04-01,30.2,-25.6,7.5,31.9,55.0,18.7,1.3,62.3,64.0,47.6,42.1,55.7,33.5,22.6
2021-05-01,38.8,-8.5,15.2,37.3,62.7,18.8,-2.1,67.8,59.6,51.8,53.1,70.3,43.3,20.4
2021-06-01,43.2,1.0,19.9,38.2,71.2,25.8,2.1,66.0,57.6,47.6,58.2,77.4,45.8,30.2
2021-07-01,41.7,6.5,16.8,41.8,68.1,32.1,10.9,59.9,52.7,50.3,59.1,69.0,41.2,25.4
2021-08-01,27.8,0.5,20.3,47.2,73.1,31.0,7.7,48.0,28.3,47.2,55.4,74.7,43.8,27.8
2021-09-01,14.4,-8.5,18.1,47.9,78.1,36.9,18.8,30.5,17.6,38.0,57.5,73.8,39.2,19.9
2021-10-01,15.2,-8.6,21.3,50.8,80.3,36.4,13.2,41.4,26.0,33.0,60.6,80.0,50.3,24.4
2021-11-01,15.9,-19.6,20.6,56.0,83.2,41.7,16.4,33.7,17.3,43.5,68.1,80.6,54.4,25.7
2021-12-01,14.4,-16.3,18.4,52.3,80.6,42.3,8.7,34.4,14.3,38.1,65.8,77.6,53.6,28.0
2022-01-01,9.2,-27.9,7.6,52.3,77.3,39.4,9.8,43.7,30.6,42.9,61.2,72.7,50.8,21.0
2022-02-01,0.5,-27.1,12.0,58.3,85.9,47.1,3.7,56.3,41.1,37.2,52.9,78.0,44.4,30.0
2022-03-01,18.3,-23.3,14.0,53.9,84.5,47.7,11.6,36.8,16.1,40.2,61.4,82.5,51.6,26.6
2022-04-01,24.2,-14.4,19.9,55.0,86.4,43.4,8.6,29.4,11.9,42.9,63.5,80.3,55.9,24.6
2022-05-01,11.5,-27.1,18.3,52.9,86.4,47.4,6.3,18.8,-1.6,35.8,61.0,82.4,48.9,17.0
2022-06-01,2.2,-36.2,18.1,55.4,89.3,45.1,6.9,12.9,-21.3,37.1,54.0,76.0,48.0,20.3
2022-07-01,-10.7,-34.3,7.6,53.5,81.3,35.9,6.6,0.0,-21.2,25.0,53.9,72.3,42.9,12.6
2022-08-01,-4.4,-29.5,9.9,51.6,82.4,39.6,8.3,12.6,-10.4,26.1,49.7,64.4,33.0,17.6
2022-09-01,5.3,-28.6,8.6,58.8,77.7,42.6,9.7,16.4,-3.7,24.7,54.0,67.9,42.5,12.4
2022-10-01,-15.5,-41.6,13.2,57.4,79.5,39.2,-2.1,-7.9,-30.2,21.7,57.1,69.9,38.5,9.2
2022-11-01,-11.8,-43.6,14.9,46.8,79.3,33.7,4.8,-14.4,-34.2,11.9,58.5,67.6,38.0,13.0
2022-12-01,-17.6,-46.2,5.5,44.1,72.2,26.8,3.9,-3.3,-26.9,16.9,50.6,57.5,37.6,16.9
2023-01-01,-21.4,-41.8,3.8,47.0,65.6,29.8,3.3,-2.2,-27.3,21.0,49.7,55.6,36.7,19.0
2023-02-01,-12.8,-34.9,5.8,56.7,69.0,33.7,5.3,8.2,-4.1,20.8,47.3,49.1,27.7,17.5
2023-03-01,-10.1,-38.8,6.7,49.7,64.8,33.1,7.9,6.8,-11.8,15.7,42.1,55.8,32.2,12.3
