date,shipments_volume,new_orders,capacity,vendor_lead_time,employment,avg_work_week,wages,inventory,prices_received,prices_paid,f_shipments_volume,f_new_orders,f_capacity,f_vendor_lead_time,f_employment,f_avg_work_week,f_wages,f_capex,f_prices_received,f_prices_paid,biz_climate,f_biz_climate,capex,f_inventory
1993-11-01,7,11,,,4,0.0,,,,,33,,,,2,3.0,,,,,,,,
1993-12-01,20,14,,,1,9.0,,,,,52,,,,5,15.0,,,,,,,,
1994-01-01,20,23,,,1,13.0,,,,,47,,,,-2,16.0,,,,,,,,
1994-02-01,7,11,,,-5,2.0,,,,,38,,,,-6,7.0,,,,,,,,
1994-03-01,26,25,,,3,8.0,,,,,36,,,,5,10.0,,,,,,,,
1994-04-01,21,20,,,3,8.0,,,,,30,,,,2,6.0,,,,,,,,
1994-05-01,21,23,,,8,10.0,,,,,35,,,,8,9.0,,,,,,,,
1994-06-01,25,33,,,-4,22.0,,,,,22,,,,-4,10.0,,,,,,,,
1994-07-01,17,26,,,7,17.0,,,,,34,,,,-5,4.0,,,,,,,,
1994-08-01,28,28,,,6,18.0,,,,,22,,,,2,4.0,,,,,,,,
1994-09-01,21,28,,,11,17.0,,,,,40,,,,11,6.0,,,,,,,,
1994-10-01,24,29,,,13,18.0,,,,,35,,,,12,4.0,,,,,,,,
1994-11-01,10,15,,,7,5.0,,,,,32,,,,11,5.0,,,,,,,,
1994-12-01,19,19,,,10,10.0,,,,,38,,,,15,4.0,,,,,,,,
1995-01-01,17,17,,,6,8.0,,,,,32,,,,13,9.0,,,,,,,,
1995-02-01,13,14,,,7,7.0,,,,,29,,,,11,7.0,,,,,,,,
1995-03-01,10,3,,,10,3.0,,,,,19,,,,7,0.0,,,,,,,,
1995-04-01,-10,-13,,,3,-1.0,,,,,31,,,,3,5.0,,,,,,,,
1995-05-01,-5,-3,,,2,0.0,,,,,31,,,,4,6.0,,,,,,,,
1995-06-01,-10,-16,,,1,-9.0,,,,,25,,,,8,3.0,,,,,,,,
1995-07-01,-7,-14,,,-6,-13.0,,,,,31,,,,8,4.0,,,,,,,,
1995-08-01,-3,-10,,,-5,-8.0,,,,,34,,,,6,10.0,,,,,,,,
1995-09-01,0,-7,,,-9,-8.0,,,,,40,,,,2,17.0,,,,,,,,
1995-10-01,-7,-9,,,-6,-8.0,,,,,30,,,,-5,11.0,,,,,,,,
1995-11-01,2,-4,,,-9,-3.0,,,,,35,,,,-2,9.0,,,,,,,,
1995-12-01,-8,-8,,,-9,-9.0,,,,,36,,,,2,4.0,,,,,,,,
1996-01-01,-10,-14,,,-5,-14.0,,,,,34,,,,3,9.0,,,,,,,,
1996-02-01,-2,-3,,,-8,-9.0,,,,,36,,,,4,15.0,,,,,,,,
1996-03-01,-31,-26,,,-8,-19.0,,,,,35,,,,7,13.0,,,,,,,,
1996-04-01,-5,0,,,-6,-5.0,,,,,35,,,,2,8.0,,,,,,,,
1996-05-01,8,7,,,-2,-3.0,,,,,34,,,,9,10.0,,,,,,,,
1996-06-01,6,6,,,-1,1.0,,,,,37,,,,1,7.0,,,,,,,,
1996-07-01,7,4,,1.0,2,1.0,,,,,34,,,,0,11.0,,,,,,,,
1996-08-01,6,9,,-6.0,2,0.0,,,,,30,,,,-1,-2.0,,,,,,,,
1996-09-01,-2,-4,,4.0,2,-6.0,,,,,33,,,,5,2.0,,,,,,,,
1996-10-01,4,1,,-4.0,0,0.0,,,,,34,,,,2,8.0,,,,,,,,
1996-11-01,2,7,,-1.0,7,-5.0,,,,,31,,,,13,11.0,,,,,,,,
1996-12-01,9,11,,-4.0,-2,-4.0,,,,,34,,,,7,12.0,,,,,,,,
1997-01-01,-2,9,,1.0,-4,-2.0,,,,,33,,,,6,10.0,,,,,,,,
1997-02-01,-5,-1,,-3.0,0,-1.0,,,,,44,,,,4,8.0,,,,,,,,
1997-03-01,16,17,,-1.0,-1,-2.0,,,,,40,,,,15,8.0,,,,,,,,
1997-04-01,12,18,,2.0,0,7.0,,,,,37,,,,7,14.0,,,,,,,,
1997-05-01,14,9,9.0,3.0,7,3.0,12.0,15.0,,,34,36.0,24.0,4.0,7,9.0,43.0,13.0,,,,,,-13.0
1997-06-01,10,16,3.0,5.0,3,5.0,11.0,23.0,0.97,1.35,41,48.0,24.0,-3.0,8,14.0,26.0,14.0,1.24,1.84,,,,-18.0
1997-07-01,1,9,2.0,4.0,1,-3.0,16.0,30.0,1.06,1.27,45,41.0,29.0,10.0,20,17.0,40.0,12.0,1.19,1.8,,,,-15.0
1997-08-01,4,6,0.0,4.0,3,-5.0,10.0,21.0,0.77,1.24,49,46.0,28.0,-5.0,10,17.0,28.0,19.0,1.31,2.04,,,,-18.0
1997-09-01,29,35,18.0,6.0,-1,3.0,21.0,28.0,0.86,1.18,36,31.0,18.0,4.0,8,13.0,40.0,21.0,1.3,1.6600000000000001,,,,-18.0
1997-10-01,17,20,10.0,9.0,0,6.0,19.0,24.0,0.76,1.06,43,41.0,28.0,7.0,11,13.0,40.0,22.0,1.27,1.69,,,,-19.0
1997-11-01,8,9,9.0,0.0,2,2.0,3.0,29.0,0.47000000000000003,1.52,34,33.0,25.0,5.0,9,5.0,41.0,17.0,1.3,2.31,,,,-11.0
1997-12-01,-2,-10,-3.0,-5.0,1,-2.0,5.0,24.0,-0.12,0.28,37,39.0,29.0,2.0,3,5.0,40.0,12.0,0.88,1.58,,,,-16.0
1998-01-01,21,23,3.0,3.0,5,3.0,9.0,21.0,0.45,0.8200000000000001,27,31.0,21.0,5.0,2,5.0,47.0,14.0,0.9500000000000001,1.53,,,,-13.0
1998-02-01,13,7,-2.0,3.0,6,8.0,16.0,25.0,0.38,0.79,32,39.0,24.0,8.0,-8,6.0,35.0,14.0,0.9,1.36,,,,-17.0
1998-03-01,-3,3,2.0,2.0,0,7.0,20.0,26.0,0.51,0.74,39,39.0,31.0,8.0,2,11.0,38.0,18.0,1.1400000000000001,1.41,,,,-14.0
1998-04-01,7,6,7.0,0.0,-5,-2.0,13.0,27.0,0.34,0.56,39,34.0,26.0,3.0,18,11.0,38.0,17.0,1.0,1.5,,,,-17.0
1998-05-01,-7,5,-4.0,0.0,-9,-2.0,7.0,32.0,0.09,0.51,42,32.0,21.0,1.0,11,12.0,34.0,7.0,0.8,1.34,,,,-21.0
1998-06-01,4,11,6.0,8.0,-2,8.0,14.0,37.0,-0.03,0.36,43,36.0,28.0,3.0,19,11.0,39.0,13.0,0.67,1.2,,,,-30.0
1998-07-01,12,17,2.0,0.0,-5,2.0,8.0,37.0,0.73,0.97,31,17.0,17.0,0.0,0,5.0,35.0,-9.0,1.03,1.53,,,,-21.0
1998-08-01,-1,13,4.0,-1.0,-5,-2.0,9.0,34.0,0.16,0.47000000000000003,32,19.0,22.0,0.0,5,9.0,36.0,4.0,0.89,1.49,,,,-22.0
1998-09-01,3,-1,-2.0,5.0,5,0.0,6.0,29.0,-0.32,0.44,29,26.0,17.0,2.0,-8,4.0,41.0,2.0,0.49,1.35,,,,-24.0
1998-10-01,1,6,3.0,-2.0,3,-5.0,10.0,32.0,-0.59,0.31,26,17.0,12.0,-6.0,-1,-2.0,41.0,17.0,0.27,0.81,,,,-21.0
1998-11-01,8,3,-3.0,6.0,-10,2.0,14.0,28.0,-0.08,0.79,34,27.0,20.0,5.0,-3,6.0,39.0,19.0,0.49,1.19,,,,-19.0
1998-12-01,19,11,7.0,7.0,7,10.0,13.0,13.0,0.42,1.26,22,26.0,21.0,-1.0,8,-6.0,52.0,12.0,1.6600000000000001,1.97,,,,-10.0
1999-01-01,4,-10,-4.0,-2.0,3,1.0,15.0,33.0,0.01,0.68,43,44.0,38.0,-1.0,11,11.0,34.0,21.0,0.7000000000000001,1.25,,,,-19.0
1999-02-01,-1,3,-2.0,1.0,-1,-3.0,8.0,25.0,-0.04,0.65,22,19.0,13.0,-5.0,7,0.0,31.0,4.0,0.77,1.09,,,,-19.0
1999-03-01,20,16,15.0,2.0,0,6.0,10.0,24.0,-0.16,0.19,34,25.0,16.0,-1.0,6,1.0,30.0,6.0,0.56,1.1400000000000001,,,,-17.0
1999-04-01,10,8,2.0,9.0,0,-2.0,16.0,21.0,0.12,0.8300000000000001,28,27.0,28.0,6.0,12,5.0,31.0,6.0,0.48,1.3800000000000001,,,,-18.0
1999-05-01,12,12,5.0,4.0,-4,0.0,12.0,21.0,-0.01,0.92,28,28.0,20.0,3.0,9,7.0,34.0,12.0,0.71,1.5,,,,-17.0
1999-06-01,17,9,5.0,0.0,-5,3.0,15.0,11.0,0.24,1.03,14,26.0,5.0,-2.0,12,-2.0,46.0,-8.0,1.0,1.72,,,,-4.0
1999-07-01,23,8,11.0,11.0,11,9.0,1.0,19.0,0.28,0.9,35,26.0,27.0,-2.0,10,8.0,43.0,15.0,0.7000000000000001,1.4000000000000001,,,,-31.0
1999-08-01,2,5,5.0,11.0,3,9.0,15.0,15.0,0.55,1.03,44,42.0,34.0,3.0,25,8.0,47.0,38.0,0.8200000000000001,1.61,,,,-5.0
1999-09-01,9,15,14.0,2.0,-1,12.0,14.0,8.0,0.45,1.27,40,35.0,36.0,-5.0,14,7.0,44.0,21.0,1.26,1.84,,,,-8.0
1999-10-01,13,11,2.0,1.0,9,1.0,12.0,20.0,0.45,1.43,38,36.0,26.0,-2.0,16,2.0,47.0,12.0,1.34,2.14,,,,-11.0
1999-11-01,18,21,13.0,3.0,7,19.0,9.0,17.0,0.75,1.31,31,27.0,22.0,-4.0,9,-3.0,41.0,7.0,1.23,2.46,,,,-12.0
1999-12-01,16,12,7.0,5.0,6,10.0,13.0,15.0,0.66,1.42,21,23.0,17.0,-2.0,7,-7.0,47.0,7.0,1.59,1.85,,,,-11.0
2000-01-01,12,10,6.0,4.0,7,8.0,14.0,33.0,0.3,1.1400000000000001,35,28.0,28.0,-1.0,13,2.0,50.0,9.0,0.5700000000000001,1.62,,,,-22.0
2000-02-01,22,25,18.0,7.0,3,9.0,18.0,24.0,0.46,1.36,39,41.0,33.0,-2.0,12,3.0,61.0,6.0,0.92,2.05,,,,-8.0
2000-03-01,12,4,5.0,9.0,2,-7.0,12.0,29.0,0.79,1.76,27,34.0,38.0,-2.0,15,1.0,66.0,14.0,1.4000000000000001,2.23,,,,-18.0
2000-04-01,5,6,3.0,13.0,5,2.0,14.0,41.0,0.7000000000000001,2.16,17,26.0,23.0,5.0,3,2.0,52.0,-13.0,1.33,2.07,,,,-14.0
2000-05-01,19,27,18.0,8.0,0,0.0,26.0,31.0,0.9500000000000001,1.94,38,40.0,32.0,2.0,11,7.0,47.0,10.0,1.3,2.17,,,,-13.0
2000-06-01,5,18,4.0,12.0,2,-6.0,14.0,33.0,1.32,2.86,30,16.0,21.0,6.0,14,18.0,37.0,18.0,1.26,2.2600000000000002,,,,-4.0
2000-07-01,10,5,5.0,3.0,-1,-2.0,23.0,33.0,0.56,2.38,44,38.0,27.0,8.0,14,10.0,48.0,8.0,1.37,2.49,,,,-21.0
2000-08-01,19,5,5.0,7.0,-4,-7.0,16.0,45.0,0.41000000000000003,2.3000000000000003,33,24.0,25.0,4.0,6,13.0,48.0,10.0,1.4000000000000001,2.05,,,,-46.0
2000-09-01,6,15,2.0,5.0,0,-10.0,12.0,47.0,0.8,1.45,30,22.0,27.0,4.0,8,10.0,48.0,38.0,1.31,2.5300000000000002,,,,-24.0
2000-10-01,5,9,2.0,12.0,0,1.0,15.0,30.0,0.81,2.27,31,31.0,28.0,2.0,5,21.0,38.0,2.0,1.09,2.32,,,,-8.0
2000-11-01,-13,-7,0.0,8.0,-1,-12.0,14.0,33.0,-0.22,1.86,33,39.0,26.0,2.0,3,14.0,55.0,7.0,2.04,2.31,,,,-14.0
2000-12-01,11,-3,-5.0,5.0,-4,0.0,11.0,43.0,0.6900000000000001,1.97,31,27.0,16.0,5.0,1,11.0,35.0,-1.0,0.8300000000000001,2.39,,,,-25.0
2001-01-01,-12,-17,-13.0,-2.0,-1,-21.0,13.0,44.0,0.54,2.07,24,24.0,18.0,-5.0,0,15.0,38.0,-9.0,1.16,2.24,,,,-29.0
2001-02-01,-14,-14,-24.0,-7.0,-9,-18.0,1.0,46.0,0.18,1.56,27,37.0,30.0,0.0,5,13.0,32.0,13.0,0.9400000000000001,1.97,,,,-21.0
2001-03-01,-29,-25,-27.0,-5.0,-33,-22.0,6.0,40.0,0.19,1.12,29,28.0,21.0,-3.0,1,9.0,28.0,-1.0,0.61,0.81,,,,-18.0
2001-04-01,-12,-16,-15.0,-3.0,-17,-18.0,8.0,31.0,-0.29,0.71,36,36.0,26.0,-3.0,1,11.0,31.0,7.0,0.68,1.17,,,,-11.0
2001-05-01,-19,-17,-18.0,-5.0,-28,-17.0,4.0,39.0,-0.34,0.5,32,32.0,26.0,-2.0,-5,11.0,31.0,-4.0,0.79,1.61,,,,-21.0
2001-06-01,-19,-26,-23.0,-12.0,-25,-17.0,1.0,39.0,-0.52,0.56,41,36.0,27.0,3.0,-8,15.0,27.0,0.0,0.86,1.22,,,,-25.0
2001-07-01,17,-2,4.0,-4.0,-20,-10.0,5.0,30.0,0.05,0.59,35,33.0,21.0,0.0,-2,11.0,29.0,3.0,0.8300000000000001,1.1300000000000001,,,,-16.0
2001-08-01,-6,-4,-13.0,-4.0,-17,-4.0,7.0,34.0,0.35000000000000003,0.52,35,33.0,20.0,1.0,-2,6.0,22.0,-4.0,0.63,1.03,,,,-17.0
2001-09-01,-4,-7,-10.0,-3.0,-14,-2.0,7.0,34.0,0.03,0.43,36,33.0,23.0,2.0,0,10.0,21.0,-5.0,0.55,0.86,,,,-14.0
2001-10-01,-9,-15,-10.0,-5.0,-23,-6.0,7.0,40.0,-0.61,-0.09,34,37.0,21.0,5.0,-13,4.0,27.0,-1.0,0.65,0.67,,,,-16.0
2001-11-01,-22,-33,-23.0,-5.0,-23,-13.0,4.0,41.0,-0.34,0.38,42,42.0,27.0,0.0,4,14.0,24.0,0.0,0.24,0.7000000000000001,,,,-19.0
2001-12-01,-10,-12,-15.0,-5.0,-18,-11.0,9.0,36.0,0.63,0.97,46,48.0,35.0,6.0,1,16.0,36.0,13.0,0.91,1.02,,,,-13.0
2002-01-01,3,5,-3.0,4.0,-15,-4.0,2.0,20.0,0.36,0.72,42,45.0,33.0,9.0,3,14.0,31.0,10.0,1.0,1.12,,,,-8.0
2002-02-01,13,15,11.0,6.0,-12,1.0,9.0,21.0,0.31,0.51,57,62.0,39.0,13.0,9,20.0,41.0,11.0,1.03,1.18,,,,1.0
2002-03-01,14,17,4.0,2.0,-6,1.0,7.0,20.0,0.11,0.48,44,45.0,28.0,4.0,11,18.0,32.0,7.0,0.74,1.1300000000000001,,,,-9.0
2002-04-01,22,18,11.0,1.0,2,7.0,8.0,18.0,0.16,0.29,48,47.0,39.0,7.0,6,11.0,37.0,10.0,1.09,1.48,,,,-7.0
2002-05-01,11,6,2.0,-5.0,-6,1.0,8.0,17.0,0.28,0.74,45,47.0,35.0,7.0,10,20.0,40.0,9.0,1.1400000000000001,1.6400000000000001,,,,-3.0
2002-06-01,5,2,0.0,2.0,-6,-5.0,6.0,30.0,0.47000000000000003,0.48,51,49.0,40.0,10.0,6,20.0,41.0,10.0,1.01,1.53,,,,-15.0
2002-07-01,0,-3,-5.0,2.0,-6,-12.0,10.0,21.0,0.26,0.58,40,44.0,32.0,11.0,10,17.0,40.0,8.0,1.02,1.33,,,,-8.0
2002-08-01,4,-6,4.0,-1.0,-3,1.0,2.0,16.0,0.7000000000000001,0.98,38,41.0,23.0,7.0,3,14.0,42.0,13.0,1.21,1.7,,,,-14.0
2002-09-01,-10,-8,-12.0,3.0,-9,-11.0,7.0,23.0,0.42,0.93,42,44.0,34.0,6.0,3,22.0,44.0,11.0,1.29,1.44,,,,-18.0
2002-10-01,0,-5,-10.0,-4.0,-8,-6.0,5.0,23.0,-0.05,0.86,36,37.0,27.0,5.0,6,19.0,31.0,16.0,1.37,1.73,,,,-13.0
2002-11-01,6,4,-7.0,3.0,-10,-7.0,9.0,26.0,0.4,0.76,36,34.0,35.0,8.0,4,17.0,42.0,15.0,0.64,1.36,,,,-22.0
2002-12-01,1,-7,-3.0,-1.0,-12,-1.0,7.0,27.0,0.04,0.8200000000000001,38,42.0,26.0,7.0,6,15.0,39.0,10.0,1.08,1.51,,,,-19.0
2003-01-01,4,11,0.0,2.0,-14,-2.0,5.0,23.0,0.31,0.81,41,36.0,31.0,6.0,2,17.0,34.0,12.0,0.79,1.12,,,,-15.0
2003-02-01,-11,-18,-10.0,3.0,-10,-11.0,4.0,32.0,0.09,0.74,25,32.0,22.0,3.0,-3,7.0,33.0,1.0,0.9,1.28,,,,-23.0
2003-03-01,-9,-18,-3.0,0.0,-11,-6.0,4.0,30.0,-0.2,0.99,40,42.0,32.0,9.0,1,17.0,40.0,8.0,1.24,1.41,,,,-17.0
2003-04-01,-9,-12,-19.0,1.0,-18,-15.0,2.0,35.0,0.31,0.77,43,41.0,32.0,4.0,-2,22.0,36.0,10.0,0.92,1.6,,,,-21.0
2003-05-01,-18,-20,-24.0,0.0,-17,-19.0,0.0,35.0,-0.07,0.74,42,42.0,29.0,5.0,-1,18.0,36.0,14.0,0.52,1.1,,,,-23.0
2003-06-01,1,2,-2.0,-1.0,-2,4.0,8.0,28.0,0.16,1.05,42,39.0,27.0,8.0,-6,11.0,38.0,4.0,0.59,1.25,,,,-19.0
2003-07-01,-6,-14,-7.0,-3.0,-14,-6.0,2.0,33.0,0.4,1.07,35,37.0,25.0,6.0,-9,3.0,31.0,6.0,0.68,1.44,,,,-18.0
2003-08-01,-9,-6,-14.0,0.0,-14,-11.0,7.0,31.0,0.18,0.92,42,40.0,27.0,7.0,-4,14.0,34.0,6.0,0.76,1.31,,,,-17.0
2003-09-01,-5,-6,-10.0,1.0,-19,-8.0,10.0,25.0,0.01,0.62,37,40.0,25.0,10.0,-2,17.0,30.0,9.0,0.85,1.34,,,,-17.0
2003-10-01,9,5,6.0,11.0,-12,6.0,10.0,22.0,0.19,1.01,32,38.0,22.0,7.0,-10,1.0,40.0,2.0,1.02,1.8800000000000001,,,,-21.0
2003-11-01,6,7,3.0,8.0,-11,-3.0,10.0,21.0,0.7000000000000001,1.56,42,39.0,30.0,7.0,9,14.0,43.0,15.0,1.19,1.95,,,,-11.0
2003-12-01,10,23,3.0,12.0,3,5.0,12.0,27.0,0.9400000000000001,1.57,36,31.0,26.0,10.0,1,10.0,40.0,9.0,1.02,2.0100000000000002,,,,-16.0
2004-01-01,14,7,8.0,8.0,-9,-5.0,14.0,25.0,0.77,2.02,34,31.0,17.0,9.0,1,11.0,25.0,8.0,0.91,1.29,,,,-4.0
2004-02-01,14,20,10.0,15.0,3,10.0,12.0,24.0,1.55,2.9,28,25.0,12.0,7.0,0,3.0,35.0,14.0,1.8,2.89,,,,-12.0
2004-03-01,37,34,30.0,14.0,5,24.0,16.0,15.0,1.77,2.45,26,28.0,11.0,11.0,5,10.0,37.0,24.0,1.76,3.44,,,,-4.0
2004-04-01,16,17,17.0,21.0,1,15.0,13.0,12.0,2.07,3.27,28,30.0,13.0,13.0,5,2.0,42.0,18.0,2.34,4.3100000000000005,,,,-10.0
2004-05-01,21,18,20.0,17.0,8,8.0,6.0,15.0,0.22,1.6,25,26.0,12.0,15.0,5,3.0,41.0,20.0,2.11,2.69,,,,1.0
2004-06-01,15,13,9.0,17.0,1,5.0,17.0,11.0,1.83,1.85,23,23.0,12.0,11.0,16,4.0,37.0,21.0,1.6,2.49,,,,-2.0
2004-07-01,0,5,-2.0,14.0,1,-2.0,11.0,15.0,4.12,5.22,31,30.0,19.0,8.0,9,3.0,44.0,14.0,2.69,3.41,,,,-13.0
2004-08-01,23,10,7.0,23.0,-8,-2.0,12.0,14.0,1.0,2.59,24,27.0,18.0,12.0,7,2.0,44.0,18.0,1.24,2.41,,,,-13.0
2004-09-01,11,3,6.0,13.0,-1,-6.0,10.0,17.0,1.32,1.68,32,31.0,19.0,12.0,3,10.0,42.0,12.0,0.03,1.1300000000000001,,,,-7.0
2004-10-01,8,3,-4.0,10.0,-4,-2.0,8.0,18.0,2.4,4.0,39,48.0,23.0,15.0,0,14.0,49.0,15.0,0.4,2.08,,,,-4.0
2004-11-01,-1,-1,1.0,11.0,4,-2.0,10.0,23.0,1.92,2.44,35,34.0,13.0,7.0,4,9.0,41.0,13.0,1.56,2.45,,,,-9.0
2004-12-01,5,6,3.0,13.0,3,-1.0,15.0,19.0,1.28,1.56,37,31.0,23.0,12.0,2,11.0,40.0,16.0,1.26,1.96,,,,-4.0
2005-01-01,1,8,10.0,9.0,4,5.0,12.0,14.0,1.18,1.9100000000000001,29,28.0,14.0,9.0,8,7.0,37.0,15.0,1.41,2.04,,,,-9.0
2005-02-01,18,4,10.0,13.0,10,9.0,17.0,14.0,1.55,2.05,30,29.0,23.0,11.0,8,7.0,35.0,11.0,1.71,2.22,,,,-8.0
2005-03-01,9,5,0.0,10.0,-6,-10.0,12.0,15.0,0.9500000000000001,1.84,33,26.0,24.0,10.0,-1,5.0,34.0,17.0,1.6,2.27,,,,-12.0
2005-04-01,4,1,11.0,10.0,0,-5.0,17.0,14.0,0.66,1.19,25,26.0,18.0,11.0,5,7.0,36.0,10.0,0.9400000000000001,1.8900000000000001,,,,-9.0
2005-05-01,22,16,11.0,5.0,1,8.0,19.0,22.0,1.12,2.14,14,21.0,0.0,-3.0,1,-4.0,29.0,12.0,0.68,1.83,,,,-12.0
2005-06-01,8,-1,-1.0,1.0,2,-4.0,10.0,22.0,0.59,1.49,33,35.0,18.0,6.0,4,6.0,35.0,15.0,1.43,2.2600000000000002,,,,-14.0
2005-07-01,-8,-10,-4.0,1.0,-13,-7.0,6.0,16.0,0.6900000000000001,1.6,31,32.0,21.0,11.0,0,11.0,32.0,18.0,1.56,2.75,,,,-8.0
2005-08-01,7,1,-1.0,3.0,1,-9.0,11.0,16.0,1.2,1.98,42,45.0,29.0,7.0,15,13.0,33.0,14.0,2.58,3.08,,,,-6.0
2005-09-01,2,7,0.0,11.0,-6,0.0,9.0,16.0,2.63,3.65,33,28.0,21.0,7.0,11,9.0,42.0,12.0,1.56,3.24,,,,-7.0
2005-10-01,1,5,-2.0,20.0,6,-13.0,11.0,12.0,3.12,5.24,27,24.0,14.0,1.0,7,13.0,46.0,27.0,2.54,4.57,,,,-6.0
2005-11-01,5,4,0.0,13.0,-4,-1.0,11.0,13.0,4.16,5.6000000000000005,26,20.0,26.0,8.0,6,14.0,39.0,10.0,1.1400000000000001,2.38,,,,-7.0
2005-12-01,-2,-2,3.0,5.0,-6,-10.0,14.0,14.0,1.07,3.0700000000000003,38,34.0,27.0,6.0,15,17.0,37.0,11.0,1.25,2.7600000000000002,,,,-1.0
2006-01-01,8,7,-1.0,7.0,2,-5.0,10.0,7.0,1.18,2.25,38,34.0,30.0,5.0,8,17.0,45.0,21.0,1.3800000000000001,2.65,,,,1.0
2006-02-01,6,2,-6.0,6.0,-6,-2.0,14.0,10.0,1.36,2.54,45,49.0,31.0,8.0,15,17.0,43.0,29.0,1.1500000000000001,3.24,,,,4.0
2006-03-01,17,15,15.0,8.0,10,-1.0,15.0,20.0,1.53,2.58,39,31.0,32.0,10.0,12,6.0,43.0,11.0,1.33,3.12,,,,-2.0
2006-04-01,8,10,-2.0,4.0,4,-10.0,11.0,18.0,2.46,3.27,39,31.0,25.0,6.0,12,3.0,40.0,26.0,1.71,2.93,,,,4.0
2006-05-01,-8,-5,-7.0,8.0,2,-4.0,11.0,18.0,3.69,3.42,40,40.0,27.0,9.0,13,9.0,46.0,21.0,2.11,3.74,,,,-1.0
2006-06-01,-7,-2,-9.0,7.0,2,-6.0,12.0,13.0,2.8000000000000003,3.44,36,33.0,32.0,10.0,13,11.0,40.0,32.0,2.0300000000000002,3.47,,,,6.0
2006-07-01,3,5,4.0,8.0,6,4.0,14.0,16.0,1.68,2.77,35,37.0,19.0,7.0,16,9.0,41.0,26.0,1.6300000000000001,3.09,,,,0.0
2006-08-01,-12,-1,-3.0,6.0,8,0.0,9.0,12.0,4.69,2.91,32,31.0,25.0,7.0,11,7.0,38.0,26.0,2.2600000000000002,3.5500000000000003,,,,1.0
2006-09-01,4,5,1.0,2.0,2,-2.0,15.0,24.0,2.7600000000000002,3.06,32,23.0,18.0,4.0,10,6.0,35.0,28.0,2.49,4.14,,,,0.0
2006-10-01,-3,-2,3.0,2.0,-1,-5.0,8.0,19.0,2.05,2.97,27,23.0,17.0,7.0,11,9.0,38.0,21.0,1.96,3.31,,,,-1.0
2006-11-01,4,4,-3.0,1.0,0,-5.0,13.0,15.0,2.82,3.69,27,27.0,19.0,6.0,5,12.0,38.0,26.0,2.04,3.88,,,,1.0
2006-12-01,0,-4,-9.0,4.0,-6,-8.0,7.0,17.0,3.75,4.28,21,23.0,16.0,-2.0,4,0.0,34.0,20.0,1.95,3.87,,,,-8.0
2007-01-01,-8,-8,-12.0,5.0,-8,-14.0,4.0,24.0,3.25,3.58,36,37.0,28.0,8.0,11,13.0,41.0,22.0,2.12,3.93,,,,-8.0
2007-02-01,-9,-2,-11.0,7.0,-6,-11.0,4.0,25.0,3.93,4.21,32,32.0,22.0,13.0,22,14.0,39.0,17.0,1.8,3.1,,,,-5.0
2007-03-01,-12,-14,-16.0,2.0,-6,-8.0,6.0,30.0,3.08,3.61,30,33.0,20.0,5.0,17,13.0,39.0,20.0,1.7,2.5,,,,-6.0
2007-04-01,-12,-11,-12.0,0.0,-2,-6.0,5.0,25.0,0.96,1.68,26,27.0,18.0,7.0,9,9.0,35.0,20.0,1.3900000000000001,2.86,,,,-6.0
2007-05-01,-9,-14,-19.0,-4.0,-8,-11.0,8.0,24.0,0.84,2.37,30,26.0,18.0,7.0,5,14.0,34.0,17.0,1.47,2.58,,,,0.0
2007-06-01,-2,-6,-12.0,1.0,-5,-6.0,9.0,21.0,2.0,2.62,22,23.0,11.0,1.0,7,7.0,45.0,14.0,1.61,3.48,,,,-3.0
2007-07-01,7,2,-4.0,2.0,-5,-7.0,12.0,26.0,2.98,3.35,32,28.0,26.0,7.0,10,15.0,38.0,26.0,1.67,3.12,,,,5.0
2007-08-01,0,2,-7.0,1.0,1,2.0,11.0,32.0,2.43,3.47,31,27.0,22.0,5.0,9,11.0,40.0,23.0,1.92,3.46,,,,-1.0
2007-09-01,4,4,-3.0,3.0,0,-3.0,8.0,26.0,2.43,3.38,27,33.0,23.0,3.0,6,10.0,38.0,21.0,1.95,3.63,,,,-7.0
2007-10-01,5,6,0.0,7.0,0,3.0,14.0,23.0,1.69,2.67,38,39.0,28.0,4.0,21,7.0,32.0,15.0,1.81,3.65,,,,-16.0
2007-11-01,-4,2,-6.0,6.0,-4,-4.0,8.0,19.0,2.06,3.06,31,25.0,21.0,4.0,5,2.0,30.0,29.0,1.76,3.41,,,,4.0
2007-12-01,-7,-3,-9.0,3.0,7,-6.0,7.0,23.0,2.7800000000000002,3.7800000000000002,31,35.0,22.0,5.0,3,8.0,40.0,22.0,1.92,3.21,,,,-4.0
2008-01-01,-6,1,-7.0,5.0,2,1.0,11.0,31.0,3.27,4.44,28,26.0,17.0,5.0,10,10.0,36.0,20.0,-0.53,1.59,,,,-11.0
2008-02-01,-13,-14,-10.0,0.0,-4,-5.0,11.0,29.0,2.33,3.22,25,26.0,18.0,0.0,-2,9.0,34.0,6.0,1.75,3.97,,,,-8.0
2008-03-01,-6,-5,-11.0,2.0,-7,-6.0,8.0,32.0,3.16,4.0200000000000005,21,20.0,11.0,-7.0,3,7.0,31.0,10.0,3.25,5.59,,,,-7.0
2008-04-01,-7,-11,-11.0,-6.0,-13,-15.0,7.0,34.0,3.93,5.2,24,19.0,15.0,-3.0,-3,1.0,26.0,-3.0,2.13,4.23,,,,-11.0
2008-05-01,-9,-11,-9.0,8.0,-12,-8.0,7.0,30.0,3.14,3.3200000000000003,20,24.0,17.0,0.0,3,11.0,29.0,0.0,1.96,3.43,,,,-9.0
2008-06-01,-5,-9,-11.0,0.0,-11,4.0,4.0,31.0,5.7,6.41,21,18.0,17.0,7.0,-4,1.0,25.0,0.0,4.58,6.890000000000001,,,,-5.0
2008-07-01,-13,-17,-17.0,-1.0,-4,-11.0,8.0,30.0,3.4,4.7700000000000005,11,13.0,13.0,-2.0,-6,0.0,34.0,-1.0,3.48,5.86,,,,-8.0
2008-08-01,-10,-19,-16.0,2.0,-19,-17.0,10.0,35.0,2.81,3.98,16,19.0,14.0,3.0,3,4.0,25.0,5.0,2.45,4.0200000000000005,,,,-9.0
2008-09-01,-20,-24,-16.0,-3.0,-20,-7.0,2.0,34.0,1.48,3.31,21,13.0,15.0,0.0,-2,4.0,25.0,3.0,2.11,3.7600000000000002,,,,-2.0
2008-10-01,-31,-37,-26.0,-11.0,-20,-15.0,2.0,36.0,2.05,3.8200000000000003,9,11.0,9.0,-2.0,-12,2.0,25.0,-12.0,2.57,4.2,,,,-9.0
2008-11-01,-35,-45,-35.0,-7.0,-21,-23.0,3.0,37.0,-0.35000000000000003,2.0,10,8.0,10.0,-6.0,-11,8.0,22.0,-31.0,2.41,4.07,,,,-10.0
2008-12-01,-31,-38,-29.0,-11.0,-33,-29.0,-5.0,35.0,4.6000000000000005,5.58,10,10.0,14.0,-6.0,-17,5.0,19.0,-15.0,3.2600000000000002,4.76,,,,-4.0
2009-01-01,-41,-36,-30.0,-11.0,-27,-33.0,-3.0,41.0,1.77,1.69,15,14.0,15.0,-2.0,-14,5.0,3.0,-15.0,2.93,4.37,,,,-4.0
2009-02-01,-45,-50,-39.0,-17.0,-36,-39.0,-13.0,36.0,0.87,1.06,5,5.0,8.0,3.0,-21,-6.0,8.0,-24.0,0.77,3.27,,,,-5.0
2009-03-01,-25,-32,-23.0,-16.0,-28,-33.0,-7.0,37.0,-1.4000000000000001,-0.86,21,19.0,30.0,0.0,-10,9.0,13.0,-7.0,1.6400000000000001,3.0700000000000003,,,,2.0
2009-04-01,-29,-29,-29.0,-12.0,-30,-24.0,-9.0,31.0,2.27,1.47,35,35.0,34.0,3.0,-8,14.0,14.0,-16.0,1.76,4.3100000000000005,,,,-9.0
2009-05-01,-11,-13,-13.0,-10.0,-20,-7.0,-3.0,33.0,2.14,3.0,25,23.0,26.0,8.0,-11,11.0,15.0,1.0,3.15,4.09,,,,-10.0
2009-06-01,-11,-2,-8.0,-6.0,-15,-6.0,1.0,34.0,2.27,2.99,29,31.0,25.0,4.0,0,20.0,15.0,3.0,1.1400000000000001,2.82,,,,-12.0
2009-07-01,-5,4,-3.0,-1.0,-15,-5.0,-2.0,24.0,0.71,1.47,38,40.0,27.0,8.0,-2,9.0,16.0,3.0,0.52,1.83,,,,-12.0
2009-08-01,16,16,17.0,2.0,-7,6.0,6.0,11.0,1.04,1.24,44,42.0,34.0,10.0,5,13.0,30.0,11.0,0.37,2.94,,,,-6.0
2009-09-01,4,-1,5.0,-2.0,-2,1.0,5.0,12.0,1.23,1.62,36,34.0,30.0,8.0,6,10.0,24.0,18.0,0.85,2.22,,,,0.0
2009-10-01,10,7,4.0,2.0,0,-4.0,3.0,15.0,2.14,2.75,38,41.0,34.0,9.0,7,20.0,22.0,22.0,3.24,4.91,,,,1.0
2009-11-01,13,12,5.0,2.0,-6,-2.0,2.0,13.0,0.86,2.45,38,36.0,30.0,9.0,10,20.0,19.0,19.0,1.34,2.42,,,,0.0
2009-12-01,6,7,4.0,2.0,4,11.0,6.0,14.0,0.37,1.33,34,34.0,26.0,12.0,10,12.0,21.0,19.0,0.63,3.37,,,,-3.0
2010-01-01,11,13,4.0,5.0,2,5.0,7.0,9.0,2.81,3.27,24,23.0,22.0,8.0,4,9.0,19.0,15.0,2.77,4.16,,,,0.0
2010-02-01,11,12,7.0,5.0,3,7.0,6.0,12.0,1.4000000000000001,2.06,29,27.0,14.0,4.0,1,7.0,24.0,22.0,1.29,5.7700000000000005,,,,-5.0
2010-03-01,5,9,3.0,6.0,7,13.0,-2.0,5.0,2.39,2.67,25,25.0,23.0,8.0,2,9.0,16.0,13.0,0.19,1.02,,,,-5.0
2010-04-01,22,34,28.0,11.0,18,19.0,5.0,13.0,1.52,1.49,38,38.0,28.0,11.0,7,12.0,38.0,21.0,1.2,2.29,,,,-1.0
2010-05-01,17,17,12.0,10.0,6,8.0,17.0,9.0,0.88,1.09,33,30.0,25.0,2.0,5,9.0,30.0,19.0,1.08,2.33,,,,2.0
2010-06-01,18,9,8.0,10.0,-2,4.0,6.0,9.0,-0.04,0.28,29,28.0,28.0,15.0,0,8.0,31.0,17.0,0.74,1.58,,,,2.0
2010-07-01,12,5,6.0,2.0,7,3.0,5.0,9.0,1.83,1.9000000000000001,34,29.0,33.0,17.0,14,16.0,24.0,13.0,0.81,2.14,,,,-3.0
2010-08-01,6,2,7.0,6.0,6,3.0,7.0,7.0,1.68,2.43,25,34.0,27.0,2.0,13,11.0,25.0,17.0,1.16,2.18,,,,-3.0
2010-09-01,-5,9,3.0,12.0,-1,5.0,11.0,13.0,1.55,2.13,41,44.0,33.0,6.0,15,20.0,28.0,17.0,1.34,2.64,,,,-8.0
2010-10-01,11,12,9.0,9.0,11,4.0,12.0,4.0,0.99,1.84,38,43.0,32.0,7.0,13,11.0,23.0,21.0,1.98,2.75,,,,-4.0
2010-11-01,13,13,14.0,9.0,14,11.0,9.0,13.0,1.86,2.64,34,37.0,38.0,17.0,9,14.0,33.0,27.0,2.15,3.75,,,,-5.0
2010-12-01,24,25,18.0,16.0,18,13.0,15.0,7.0,2.5,3.7,43,48.0,41.0,16.0,23,14.0,35.0,27.0,2.25,3.2600000000000002,31.0,52.0,13.0,-1.0
2011-01-01,14,13,10.0,14.0,15,14.0,10.0,7.0,1.6600000000000001,3.35,37,38.0,31.0,10.0,18,13.0,45.0,25.0,1.96,2.7800000000000002,11.0,49.0,13.0,8.0
2011-02-01,12,13,6.0,15.0,10,11.0,18.0,12.0,3.52,4.59,47,45.0,36.0,16.0,17,20.0,38.0,15.0,2.22,3.87,9.0,47.0,13.0,4.0
2011-03-01,18,14,10.0,14.0,13,6.0,20.0,19.0,2.09,4.1,41,43.0,30.0,16.0,15,12.0,35.0,25.0,2.88,4.57,11.0,39.0,10.0,4.0
2011-04-01,2,2,-2.0,16.0,9,5.0,19.0,14.0,2.19,5.25,32,40.0,32.0,12.0,18,14.0,29.0,26.0,2.5500000000000003,3.7800000000000002,9.0,39.0,21.0,6.0
2011-05-01,-5,-8,-8.0,6.0,15,5.0,8.0,14.0,3.35,6.03,41,41.0,31.0,10.0,20,17.0,29.0,27.0,2.42,3.45,-4.0,40.0,11.0,4.0
2011-06-01,1,4,0.0,7.0,13,-1.0,10.0,23.0,1.59,4.21,40,43.0,30.0,7.0,20,12.0,27.0,21.0,2.23,4.0600000000000005,1.0,41.0,10.0,11.0
2011-07-01,7,5,1.0,8.0,6,4.0,11.0,16.0,1.9100000000000001,4.0,34,38.0,30.0,7.0,15,11.0,29.0,18.0,2.82,4.32,0.0,32.0,8.0,11.0
2011-08-01,-2,-1,-5.0,1.0,6,1.0,6.0,15.0,1.85,4.14,20,18.0,13.0,5.0,9,9.0,23.0,14.0,3.1,4.18,-6.0,17.0,9.0,9.0
2011-09-01,0,-9,-6.0,1.0,9,0.0,8.0,20.0,2.18,3.66,25,24.0,16.0,8.0,8,4.0,23.0,7.0,2.5500000000000003,4.6000000000000005,-3.0,20.0,5.0,10.0
2011-10-01,1,-3,-3.0,3.0,0,1.0,6.0,21.0,1.1500000000000001,2.04,26,25.0,19.0,8.0,12,3.0,21.0,15.0,1.69,3.39,-4.0,19.0,7.0,7.0
2011-11-01,-1,-7,-5.0,5.0,1,-2.0,9.0,15.0,1.9100000000000001,4.55,30,31.0,27.0,3.0,20,5.0,23.0,18.0,1.86,3.25,-6.0,28.0,0.0,3.0
2011-12-01,-5,-5,-6.0,4.0,-6,-1.0,7.0,19.0,0.99,1.98,26,23.0,22.0,2.0,15,12.0,21.0,9.0,2.15,2.32,-4.0,24.0,6.0,9.0
2012-01-01,6,10,-1.0,3.0,3,-3.0,9.0,11.0,0.04,1.62,39,39.0,30.0,11.0,21,9.0,23.0,12.0,1.48,1.86,6.0,41.0,-3.0,6.0
2012-02-01,8,8,5.0,6.0,4,4.0,7.0,13.0,0.63,2.75,30,32.0,30.0,10.0,20,10.0,23.0,17.0,0.39,1.96,11.0,31.0,10.0,7.0
2012-03-01,2,7,4.0,8.0,3,0.0,11.0,8.0,1.2,3.12,26,30.0,23.0,8.0,13,10.0,22.0,15.0,1.97,3.0500000000000003,10.0,29.0,9.0,6.0
2012-04-01,17,10,12.0,6.0,7,2.0,10.0,12.0,2.73,3.5300000000000002,32,31.0,24.0,8.0,19,9.0,22.0,16.0,2.35,4.1,22.0,35.0,12.0,8.0
2012-05-01,4,5,6.0,4.0,15,12.0,8.0,9.0,0.73,1.9000000000000001,34,32.0,21.0,5.0,17,8.0,24.0,16.0,2.2800000000000002,3.3000000000000003,14.0,32.0,14.0,5.0
2012-06-01,2,-8,-4.0,-2.0,6,-2.0,9.0,14.0,1.36,1.85,29,28.0,20.0,9.0,13,6.0,20.0,19.0,2.29,3.37,-2.0,27.0,10.0,7.0
2012-07-01,-10,-12,-9.0,-2.0,3,-2.0,9.0,19.0,0.87,1.67,18,19.0,9.0,3.0,9,1.0,21.0,20.0,1.8800000000000001,2.43,-9.0,19.0,16.0,7.0
2012-08-01,0,-12,-7.0,-3.0,-3,-10.0,6.0,16.0,1.04,1.87,17,16.0,15.0,4.0,9,7.0,19.0,11.0,2.65,3.58,-4.0,18.0,8.0,6.0
2012-09-01,7,6,3.0,-1.0,0,-1.0,7.0,15.0,0.1,1.35,16,21.0,17.0,8.0,4,6.0,19.0,-1.0,-0.11,1.41,3.0,20.0,3.0,4.0
2012-10-01,-1,-2,1.0,-3.0,0,5.0,10.0,14.0,1.67,3.72,19,20.0,16.0,6.0,7,9.0,26.0,2.0,1.21,1.8900000000000001,-5.0,23.0,1.0,7.0
2012-11-01,1,0,-6.0,-3.0,2,-2.0,7.0,15.0,1.02,1.9100000000000001,23,20.0,13.0,7.0,2,6.0,25.0,7.0,0.88,0.9400000000000001,-3.0,20.0,7.0,6.0
2012-12-01,3,1,-3.0,4.0,-3,-5.0,9.0,11.0,2.5,2.46,21,19.0,10.0,0.0,3,1.0,23.0,10.0,0.89,2.32,-4.0,22.0,2.0,5.0
2013-01-01,-16,-18,-23.0,-2.0,-5,-9.0,11.0,21.0,0.78,2.25,18,20.0,9.0,5.0,0,0.0,21.0,8.0,1.49,2.52,-22.0,16.0,0.0,6.0
2013-02-01,7,-3,7.0,-1.0,3,-1.0,10.0,13.0,1.03,1.82,28,28.0,16.0,5.0,5,3.0,26.0,11.0,1.6300000000000001,2.66,1.0,24.0,13.0,6.0
2013-03-01,6,-5,-4.0,-2.0,8,10.0,6.0,14.0,0.64,1.21,26,24.0,18.0,1.0,10,11.0,24.0,13.0,1.29,1.94,1.0,26.0,9.0,7.0
2013-04-01,-4,-13,-17.0,0.0,-2,-4.0,10.0,14.0,0.51,0.42,27,27.0,17.0,3.0,2,0.0,31.0,6.0,1.1400000000000001,2.09,-12.0,22.0,0.0,3.0
2013-05-01,3,-8,-7.0,-1.0,-3,-5.0,5.0,10.0,-1.04,0.42,26,27.0,19.0,8.0,4,6.0,22.0,10.0,2.1,4.43,-3.0,25.0,7.0,5.0
2013-06-01,9,6,-2.0,1.0,1,8.0,11.0,7.0,1.1,1.79,25,25.0,20.0,2.0,12,5.0,27.0,12.0,1.47,1.9100000000000001,8.0,28.0,11.0,2.0
2013-07-01,-2,-2,-2.0,2.0,0,4.0,7.0,13.0,0.79,1.37,26,26.0,18.0,8.0,7,6.0,23.0,15.0,1.18,2.04,3.0,24.0,13.0,7.0
2013-08-01,13,7,0.0,-1.0,4,4.0,13.0,10.0,1.02,1.44,34,31.0,21.0,8.0,12,11.0,29.0,17.0,1.16,1.92,5.0,33.0,15.0,3.0
2013-09-01,-2,6,-1.0,-1.0,-3,-1.0,14.0,12.0,1.46,2.04,36,34.0,25.0,3.0,17,6.0,24.0,24.0,1.37,2.05,2.0,34.0,20.0,5.0
2013-10-01,0,1,-2.0,10.0,5,0.0,9.0,12.0,0.81,1.68,30,24.0,17.0,6.0,12,6.0,22.0,26.0,1.33,2.3000000000000003,1.0,29.0,11.0,7.0
2013-11-01,14,11,-1.0,5.0,5,9.0,13.0,12.0,0.84,1.76,36,32.0,23.0,4.0,16,3.0,29.0,24.0,1.31,1.8900000000000001,13.0,32.0,9.0,10.0
2013-12-01,15,12,9.0,0.0,13,7.0,11.0,11.0,0.61,1.02,28,31.0,27.0,4.0,20,10.0,31.0,6.0,1.23,1.99,3.0,39.0,20.0,5.0
2014-01-01,5,8,5.0,1.0,5,4.0,12.0,9.0,1.06,1.5,29,27.0,24.0,3.0,11,8.0,25.0,21.0,1.09,1.95,3.0,27.0,16.0,4.0
2014-02-01,-4,-5,-7.0,2.0,0,0.0,14.0,14.0,0.85,1.3,18,18.0,15.0,4.0,11,4.0,29.0,13.0,1.33,2.19,-3.0,17.0,10.0,4.0
2014-03-01,-3,-4,-11.0,9.0,0,1.0,13.0,13.0,0.44,0.8200000000000001,29,27.0,26.0,6.0,15,7.0,28.0,16.0,0.96,1.74,0.0,36.0,14.0,-1.0
2014-04-01,7,8,0.0,8.0,3,3.0,8.0,18.0,0.58,1.12,26,23.0,18.0,7.0,16,9.0,26.0,17.0,1.04,1.71,3.0,25.0,11.0,2.0
2014-05-01,8,4,1.0,5.0,11,4.0,21.0,14.0,0.86,1.81,26,28.0,26.0,9.0,17,9.0,29.0,21.0,0.97,1.6,13.0,33.0,15.0,7.0
2014-06-01,3,7,9.0,1.0,7,6.0,12.0,6.0,0.8,1.6,27,32.0,21.0,10.0,15,9.0,28.0,20.0,0.96,1.6600000000000001,8.0,30.0,13.0,4.0
2014-07-01,3,3,4.0,10.0,12,3.0,16.0,11.0,1.05,2.25,37,34.0,31.0,7.0,19,10.0,25.0,23.0,1.3,2.0100000000000002,4.0,35.0,13.0,6.0
2014-08-01,11,11,15.0,11.0,11,8.0,11.0,14.0,0.91,1.51,38,40.0,27.0,6.0,18,9.0,26.0,26.0,1.33,2.05,15.0,40.0,13.0,7.0
2014-09-01,14,19,17.0,7.0,17,13.0,11.0,21.0,1.09,1.75,38,35.0,26.0,10.0,18,6.0,32.0,31.0,1.28,2.13,17.0,30.0,29.0,9.0
2014-10-01,20,24,17.0,10.0,16,13.0,11.0,15.0,1.18,2.0,41,37.0,26.0,-1.0,17,9.0,26.0,29.0,1.49,2.0,16.0,35.0,20.0,5.0
2014-11-01,2,2,9.0,8.0,10,4.0,14.0,19.0,0.8,1.7,37,38.0,25.0,3.0,23,10.0,23.0,20.0,1.07,1.94,3.0,40.0,24.0,3.0
2014-12-01,4,5,-2.0,3.0,9,3.0,7.0,21.0,0.48,0.85,36,33.0,33.0,2.0,24,7.0,28.0,27.0,0.76,1.41,7.0,37.0,20.0,7.0
2015-01-01,6,0,1.0,4.0,4,3.0,4.0,23.0,0.59,0.85,29,30.0,23.0,4.0,16,10.0,29.0,32.0,0.6900000000000001,1.21,6.0,40.0,22.0,12.0
2015-02-01,-3,-5,-7.0,2.0,4,-3.0,9.0,22.0,0.18,0.36,32,27.0,26.0,6.0,11,12.0,27.0,28.0,0.55,1.08,-7.0,39.0,16.0,9.0
2015-03-01,-6,-5,-5.0,-3.0,5,-4.0,8.0,26.0,0.29,0.71,36,34.0,23.0,5.0,20,7.0,32.0,31.0,1.24,1.6400000000000001,-6.0,35.0,14.0,12.0
2015-04-01,-10,-14,-9.0,-2.0,6,1.0,11.0,22.0,0.63,1.06,43,35.0,27.0,9.0,17,14.0,30.0,28.0,0.86,1.21,-4.0,41.0,24.0,13.0
2015-05-01,1,3,9.0,6.0,6,6.0,18.0,22.0,0.33,0.87,38,37.0,29.0,7.0,22,14.0,35.0,28.0,0.99,1.44,5.0,40.0,17.0,15.0
2015-06-01,6,15,12.0,8.0,7,6.0,16.0,26.0,0.55,0.8,45,42.0,35.0,2.0,20,14.0,33.0,26.0,0.92,1.47,11.0,42.0,18.0,10.0
2015-07-01,7,13,5.0,2.0,1,1.0,15.0,23.0,0.73,1.8,43,40.0,28.0,10.0,21,3.0,29.0,34.0,1.22,1.5,9.0,42.0,21.0,6.0
2015-08-01,3,4,0.0,5.0,1,3.0,15.0,21.0,0.68,0.54,37,36.0,30.0,5.0,21,12.0,33.0,29.0,1.09,1.4000000000000001,5.0,32.0,19.0,11.0
2015-09-01,-3,-5,-11.0,3.0,6,-7.0,16.0,19.0,0.48,0.55,45,40.0,29.0,6.0,25,13.0,39.0,29.0,1.12,1.29,-6.0,45.0,16.0,9.0
2015-10-01,2,4,-8.0,-2.0,6,0.0,16.0,24.0,0.0,0.65,41,44.0,28.0,4.0,18,13.0,36.0,24.0,0.4,0.88,3.0,44.0,13.0,7.0
2015-11-01,1,0,0.0,0.0,2,0.0,7.0,21.0,0.2,0.67,27,32.0,25.0,1.0,14,12.0,19.0,7.0,0.96,1.06,-2.0,34.0,1.0,6.0
2015-12-01,-1,7,1.0,4.0,9,3.0,15.0,27.0,0.35000000000000003,0.81,22,23.0,21.0,7.0,17,8.0,22.0,25.0,1.3,1.67,-6.0,31.0,14.0,11.0
2016-01-01,-4,4,-2.0,3.0,11,8.0,19.0,27.0,0.44,0.53,27,23.0,26.0,7.0,20,14.0,30.0,17.0,0.98,1.27,-10.0,29.0,19.0,3.0
2016-02-01,-16,-12,-9.0,3.0,4,-3.0,12.0,22.0,-0.03,-0.6900000000000001,27,28.0,15.0,4.0,15,3.0,24.0,19.0,-0.32,0.3,-12.0,22.0,18.0,12.0
2016-03-01,22,16,12.0,5.0,7,11.0,18.0,19.0,0.51,0.76,34,42.0,23.0,2.0,15,8.0,25.0,16.0,0.87,1.21,6.0,19.0,17.0,8.0
2016-04-01,8,8,8.0,6.0,7,7.0,14.0,16.0,0.4,1.04,23,23.0,10.0,5.0,10,2.0,27.0,20.0,0.64,1.28,0.0,23.0,14.0,7.0
2016-05-01,0,3,-2.0,6.0,4,8.0,14.0,19.0,0.75,1.32,28,26.0,16.0,4.0,7,5.0,29.0,10.0,1.18,1.62,-11.0,15.0,2.0,1.0
2016-06-01,-9,-11,-7.0,4.0,1,-4.0,17.0,23.0,0.88,1.43,18,19.0,10.0,5.0,2,-5.0,31.0,18.0,1.16,1.36,-6.0,21.0,11.0,9.0
2016-07-01,6,7,1.0,8.0,5,2.0,16.0,16.0,0.7000000000000001,1.01,20,23.0,16.0,4.0,7,1.0,39.0,20.0,0.56,1.21,-2.0,16.0,20.0,5.0
2016-08-01,-4,-12,-10.0,3.0,4,-1.0,20.0,22.0,0.3,1.82,40,31.0,25.0,7.0,17,14.0,36.0,14.0,0.64,1.06,-7.0,29.0,9.0,0.0
2016-09-01,-4,-7,-8.0,1.0,-10,-1.0,13.0,18.0,0.35000000000000003,1.02,27,31.0,21.0,4.0,2,4.0,29.0,15.0,0.8200000000000001,1.36,-8.0,30.0,5.0,1.0
2016-10-01,7,-5,-1.0,5.0,7,0.0,17.0,18.0,1.56,1.16,35,29.0,26.0,8.0,17,7.0,31.0,20.0,0.92,1.43,-2.0,29.0,17.0,9.0
2016-11-01,1,5,0.0,4.0,4,3.0,13.0,21.0,0.91,1.03,43,40.0,30.0,4.0,17,7.0,23.0,25.0,1.62,1.99,1.0,37.0,16.0,7.0
2016-12-01,11,12,7.0,8.0,-3,11.0,16.0,10.0,0.89,1.79,47,48.0,40.0,13.0,22,15.0,35.0,21.0,1.57,1.85,11.0,46.0,11.0,4.0
2017-01-01,17,15,7.0,5.0,7,6.0,12.0,12.0,1.28,2.24,46,45.0,37.0,11.0,27,11.0,34.0,27.0,1.69,1.68,17.0,36.0,12.0,4.0
2017-02-01,16,20,10.0,9.0,7,12.0,19.0,11.0,1.69,2.33,52,53.0,44.0,9.0,28,18.0,37.0,34.0,1.61,2.5500000000000003,20.0,42.0,13.0,2.0
2017-03-01,14,22,15.0,9.0,18,17.0,20.0,22.0,1.48,2.81,41,43.0,34.0,11.0,25,13.0,40.0,17.0,0.9,0.9400000000000001,21.0,37.0,18.0,7.0
2017-04-01,21,27,16.0,6.0,6,9.0,20.0,16.0,1.57,2.45,44,47.0,42.0,6.0,25,14.0,37.0,26.0,1.6300000000000001,1.26,22.0,37.0,9.0,5.0
2017-05-01,2,4,-2.0,9.0,8,2.0,22.0,12.0,1.31,1.12,41,41.0,32.0,8.0,24,11.0,35.0,32.0,1.05,1.28,8.0,43.0,11.0,9.0
2017-06-01,13,14,7.0,8.0,7,1.0,11.0,18.0,1.1300000000000001,2.1,42,43.0,35.0,8.0,30,17.0,37.0,27.0,1.54,1.57,6.0,33.0,16.0,6.0
2017-07-01,10,16,10.0,8.0,10,8.0,19.0,16.0,1.12,2.15,48,48.0,37.0,8.0,32,17.0,38.0,33.0,1.24,1.29,10.0,42.0,14.0,5.0
2017-08-01,9,16,13.0,5.0,16,9.0,17.0,16.0,1.74,2.57,46,40.0,36.0,7.0,32,16.0,34.0,31.0,1.56,1.6600000000000001,10.0,44.0,18.0,9.0
2017-09-01,21,17,16.0,10.0,17,13.0,17.0,18.0,2.82,3.3000000000000003,43,42.0,34.0,3.0,30,19.0,32.0,18.0,1.76,1.8900000000000001,18.0,37.0,16.0,10.0
2017-10-01,15,18,7.0,16.0,12,9.0,23.0,16.0,1.06,2.02,45,42.0,37.0,11.0,22,13.0,33.0,28.0,1.87,2.02,16.0,41.0,17.0,4.0
2017-11-01,28,32,16.0,17.0,18,15.0,19.0,12.0,1.62,2.5500000000000003,44,40.0,32.0,8.0,24,6.0,36.0,32.0,1.48,1.8,32.0,43.0,20.0,5.0
2017-12-01,25,21,14.0,7.0,17,11.0,20.0,15.0,1.62,2.32,46,46.0,37.0,11.0,24,11.0,41.0,36.0,2.38,2.57,29.0,39.0,24.0,4.0
2018-01-01,20,20,15.0,19.0,10,6.0,24.0,18.0,1.33,2.04,45,38.0,33.0,14.0,23,10.0,36.0,30.0,1.6300000000000001,2.5100000000000002,17.0,38.0,20.0,9.0
2018-02-01,24,20,23.0,20.0,21,22.0,24.0,15.0,1.76,2.5500000000000003,45,41.0,33.0,15.0,26,11.0,39.0,37.0,1.81,2.81,22.0,37.0,27.0,5.0
2018-03-01,13,13,11.0,16.0,10,10.0,21.0,5.0,1.54,2.61,51,44.0,38.0,23.0,32,18.0,43.0,38.0,2.0300000000000002,2.72,6.0,40.0,18.0,3.0
2018-04-01,-4,1,1.0,18.0,14,13.0,27.0,12.0,1.41,2.59,39,35.0,23.0,14.0,33,10.0,46.0,30.0,2.05,3.09,-1.0,30.0,29.0,5.0
2018-05-01,18,19,20.0,21.0,18,13.0,27.0,5.0,2.08,3.5700000000000003,43,38.0,35.0,18.0,28,10.0,43.0,24.0,1.97,2.56,15.0,27.0,21.0,2.0
2018-06-01,16,22,20.0,19.0,25,14.0,30.0,1.0,2.18,4.14,48,44.0,37.0,22.0,33,12.0,41.0,31.0,1.75,2.31,10.0,36.0,26.0,4.0
2018-07-01,18,24,11.0,20.0,23,13.0,25.0,10.0,2.21,4.04,42,37.0,39.0,21.0,27,16.0,44.0,30.0,2.21,3.2600000000000002,18.0,31.0,27.0,4.0
2018-08-01,19,24,20.0,33.0,26,16.0,27.0,5.0,1.95,3.14,43,39.0,37.0,22.0,32,13.0,42.0,38.0,2.72,3.81,14.0,28.0,21.0,-3.0
2018-09-01,32,30,19.0,27.0,19,17.0,33.0,7.0,2.12,3.31,42,37.0,37.0,25.0,20,9.0,45.0,29.0,2.46,3.58,29.0,31.0,27.0,3.0
2018-10-01,13,18,18.0,22.0,17,13.0,29.0,3.0,2.97,6.140000000000001,46,42.0,33.0,18.0,30,14.0,55.0,36.0,2.87,3.62,9.0,37.0,22.0,0.0
2018-11-01,6,13,7.0,33.0,12,9.0,32.0,7.0,2.57,5.09,33,29.0,30.0,18.0,30,12.0,52.0,35.0,2.88,3.73,2.0,22.0,17.0,3.0
2018-12-01,-17,0,-15.0,18.0,15,7.0,29.0,10.0,2.59,4.84,25,24.0,24.0,10.0,26,5.0,48.0,26.0,2.47,3.14,-18.0,19.0,17.0,5.0
2019-01-01,-6,-7,4.0,8.0,17,5.0,31.0,5.0,4.2700000000000005,5.12,32,33.0,23.0,-5.0,22,10.0,50.0,30.0,3.45,4.12,-6.0,28.0,10.0,1.0
2019-02-01,12,15,3.0,7.0,13,10.0,29.0,11.0,2.0100000000000002,2.5,34,30.0,30.0,6.0,18,2.0,51.0,20.0,2.08,2.69,3.0,24.0,10.0,4.0
2019-03-01,-2,8,0.0,6.0,20,7.0,31.0,17.0,2.32,3.23,37,35.0,28.0,4.0,16,8.0,45.0,24.0,2.11,2.7,5.0,26.0,6.0,4.0
2019-04-01,4,4,-3.0,12.0,18,-6.0,26.0,19.0,2.49,5.29,44,35.0,32.0,12.0,17,12.0,51.0,28.0,3.36,3.9,8.0,27.0,14.0,1.0
2019-05-01,2,6,0.0,2.0,17,5.0,37.0,21.0,1.81,2.35,27,29.0,20.0,1.0,22,5.0,66.0,32.0,1.98,2.5,4.0,15.0,14.0,6.0
2019-06-01,5,0,-2.0,9.0,6,1.0,26.0,19.0,1.95,1.98,23,26.0,16.0,7.0,11,5.0,53.0,26.0,2.05,2.73,4.0,10.0,21.0,-1.0
2019-07-01,-11,-14,-20.0,4.0,-1,-7.0,22.0,17.0,3.09,2.68,30,34.0,22.0,2.0,12,3.0,45.0,17.0,2.85,3.45,-15.0,24.0,9.0,7.0
2019-08-01,-1,-3,-4.0,2.0,-3,0.0,21.0,10.0,1.74,2.33,22,31.0,12.0,1.0,10,-3.0,47.0,14.0,1.85,2.41,-4.0,13.0,8.0,7.0
2019-09-01,-8,-14,-12.0,2.0,4,-10.0,24.0,16.0,2.32,2.11,13,22.0,14.0,0.0,9,5.0,53.0,15.0,1.72,2.17,-9.0,6.0,8.0,0.0
2019-10-01,5,0,-1.0,0.0,7,2.0,18.0,9.0,1.55,2.36,23,33.0,25.0,5.0,15,13.0,51.0,7.0,1.67,2.68,2.0,14.0,1.0,6.0
2019-11-01,0,-3,3.0,8.0,7,2.0,22.0,17.0,1.97,1.75,35,32.0,31.0,6.0,12,8.0,57.0,8.0,1.57,2.2,1.0,22.0,8.0,4.0
2019-12-01,-2,-8,-9.0,8.0,6,-7.0,27.0,18.0,2.46,2.47,35,32.0,30.0,4.0,12,11.0,46.0,7.0,1.6,1.85,-3.0,28.0,8.0,3.0
2020-01-01,15,12,13.0,12.0,16,11.0,22.0,29.0,1.44,1.04,41,37.0,33.0,6.0,20,23.0,48.0,12.0,1.6400000000000001,1.55,15.0,18.0,12.0,4.0
2020-02-01,2,-12,5.0,7.0,-1,-13.0,23.0,12.0,3.48,3.08,31,39.0,24.0,18.0,13,6.0,32.0,11.0,2.95,4.29,6.0,23.0,2.0,2.0
2020-03-01,11,4,-10.0,24.0,-8,5.0,21.0,10.0,1.45,1.62,-14,-15.0,14.0,16.0,5,-11.0,41.0,11.0,1.46,1.74,-18.0,-25.0,8.0,1.0
2020-04-01,-72,-64,-53.0,24.0,-20,-34.0,0.0,17.0,1.1400000000000001,2.04,-14,-17.0,-11.0,9.0,-15,-20.0,0.0,-17.0,0.79,1.62,-85.0,-37.0,-22.0,5.0
2020-05-01,-27,-35,-36.0,19.0,-16,-23.0,-3.0,10.0,1.28,1.03,5,7.0,-3.0,11.0,1,3.0,24.0,-12.0,1.56,1.8,-47.0,-7.0,-33.0,7.0
2020-06-01,7,12,9.0,9.0,-2,2.0,1.0,8.0,1.02,1.86,51,47.0,53.0,-3.0,24,25.0,35.0,8.0,1.69,2.34,4.0,53.0,-9.0,3.0
2020-07-01,16,9,15.0,13.0,-4,10.0,13.0,10.0,0.66,0.91,53,47.0,42.0,21.0,25,14.0,41.0,7.0,1.85,1.95,10.0,45.0,-15.0,6.0
2020-08-01,20,15,15.0,16.0,19,12.0,12.0,6.0,1.04,1.51,37,29.0,34.0,6.0,30,13.0,37.0,20.0,0.72,1.78,19.0,26.0,3.0,-1.0
2020-09-01,20,27,25.0,26.0,22,20.0,13.0,2.0,0.53,1.54,46,45.0,38.0,8.0,41,12.0,46.0,31.0,1.46,2.36,26.0,48.0,20.0,3.0
2020-10-01,27,22,21.0,27.0,18,20.0,26.0,-2.0,0.88,1.84,33,25.0,23.0,1.0,23,5.0,43.0,20.0,1.47,1.9100000000000001,25.0,40.0,11.0,9.0
2020-11-01,20,15,14.0,20.0,14,11.0,24.0,-3.0,1.24,2.29,36,33.0,29.0,11.0,31,9.0,35.0,20.0,1.71,2.45,20.0,33.0,5.0,-3.0
2020-12-01,9,19,9.0,36.0,19,16.0,31.0,1.0,1.83,2.21,33,27.0,22.0,16.0,27,16.0,45.0,35.0,2.27,2.87,5.0,31.0,6.0,0.0
2021-01-01,5,14,7.0,38.0,23,14.0,20.0,-4.0,2.31,3.5,27,25.0,21.0,19.0,35,5.0,50.0,13.0,2.22,3.23,9.0,17.0,3.0,-5.0
2021-02-01,15,13,12.0,44.0,21,20.0,30.0,-4.0,3.13,4.91,23,16.0,16.0,13.0,36,8.0,50.0,22.0,3.0300000000000002,3.88,8.0,21.0,7.0,-1.0
2021-03-01,19,12,16.0,59.0,22,14.0,28.0,-8.0,3.47,5.97,31,28.0,27.0,15.0,35,13.0,60.0,21.0,3.36,4.32,18.0,30.0,14.0,-7.0
2021-04-01,15,17,13.0,57.0,20,17.0,33.0,-11.0,5.36,7.49,36,33.0,32.0,23.0,40,14.0,63.0,36.0,3.7600000000000002,4.6000000000000005,18.0,43.0,13.0,-11.0
2021-05-01,16,20,14.0,68.0,29,17.0,32.0,-9.0,5.19,9.290000000000001,38,34.0,39.0,42.0,46,14.0,64.0,43.0,4.3,6.28,20.0,37.0,16.0,-11.0
2021-06-01,15,40,12.0,67.0,22,11.0,40.0,-17.0,4.68,9.49,49,37.0,33.0,33.0,51,18.0,67.0,38.0,4.8500000000000005,5.46,22.0,36.0,17.0,-7.0
2021-07-01,16,23,16.0,64.0,35,9.0,45.0,-20.0,6.95,11.11,42,33.0,30.0,20.0,52,12.0,61.0,43.0,5.0,5.73,21.0,31.0,23.0,-14.0
2021-08-01,13,11,8.0,62.0,19,13.0,47.0,-11.0,9.15,11.16,39,28.0,32.0,28.0,45,13.0,66.0,34.0,5.01,6.26,-7.0,24.0,17.0,-13.0
2021-09-01,0,-16,-2.0,60.0,21,3.0,41.0,-14.0,8.76,13.83,41,28.0,37.0,27.0,50,20.0,70.0,36.0,5.7,6.2,-1.0,21.0,12.0,-19.0
2021-10-01,4,9,3.0,64.0,26,10.0,39.0,-11.0,9.07,12.75,33,27.0,29.0,33.0,45,13.0,69.0,38.0,5.7,6.5200000000000005,-2.0,18.0,17.0,-14.0
2021-11-01,11,9,6.0,57.0,26,13.0,38.0,-19.0,7.45,11.92,37,28.0,28.0,23.0,44,12.0,68.0,35.0,5.76,6.4,1.0,14.0,14.0,-13.0
2021-12-01,8,14,14.0,35.0,20,10.0,38.0,-10.0,8.61,13.91,45,33.0,33.0,11.0,44,6.0,71.0,35.0,5.69,6.88,-2.0,14.0,15.0,-13.0
2022-01-01,9,3,3.0,47.0,6,7.0,41.0,-13.0,10.24,14.68,39,24.0,37.0,19.0,39,10.0,57.0,28.0,7.11,6.28,-5.0,20.0,15.0,-13.0
2022-02-01,-8,-1,-10.0,43.0,22,3.0,36.0,-13.0,9.09,12.52,45,39.0,36.0,17.0,41,15.0,67.0,39.0,5.03,5.63,-7.0,23.0,19.0,-13.0
2022-03-01,5,8,7.0,45.0,21,16.0,39.0,-15.0,9.38,11.290000000000001,30,11.0,18.0,25.0,36,-1.0,62.0,37.0,5.65,6.44,-10.0,2.0,19.0,-10.0
2022-04-01,10,-4,13.0,34.0,20,12.0,41.0,-9.0,9.16,12.21,25,12.0,13.0,10.0,41,-3.0,63.0,30.0,5.44,6.1000000000000005,-16.0,-8.0,16.0,-16.0
2022-05-01,-12,-18,-9.0,22.0,9,-1.0,40.0,-13.0,9.94,15.01,16,-7.0,3.0,12.0,14,-5.0,65.0,26.0,5.49,7.15,-22.0,-20.0,18.0,-7.0
2022-06-01,-17,-20,-9.0,9.0,16,,37.0,-3.0,10.31,12.88,11,-4.0,11.0,-4.0,20,,64.0,21.0,4.86,5.7700000000000005,-32.0,-28.0,10.0,-14.0
2022-07-01,7,-10,-7.0,0.0,8,,30.0,0.0,8.92,12.49,20,7.0,14.0,-10.0,20,,61.0,29.0,4.46,6.29,-13.0,-10.0,14.0,-9.0
2022-08-01,-8,-20,-5.0,-14.0,11,,27.0,-5.0,9.31,12.47,15,4.0,14.0,-32.0,28,,65.0,29.0,4.3500000000000005,4.9,-14.0,-10.0,18.0,-5.0
2022-09-01,14,-11,-4.0,-11.0,0,,40.0,-8.0,7.66,10.34,18,13.0,14.0,-15.0,19,,61.0,20.0,4.5,5.14,-5.0,-7.0,22.0,-9.0
2022-10-01,-3,-22,-9.0,-15.0,0,,34.0,-2.0,8.620000000000001,12.81,-4,-16.0,-7.0,-24.0,10,,47.0,8.0,4.8,6.08,-16.0,-30.0,18.0,0.0
2022-11-01,-8,-14,-16.0,-10.0,-1,,25.0,1.0,9.91,10.19,15,3.0,6.0,-15.0,20,,55.0,20.0,5.29,5.11,-6.0,-1.0,8.0,-5.0
2022-12-01,5,-4,-10.0,-25.0,3,,37.0,2.0,7.63,9.08,-10,-13.0,1.0,-25.0,10,,43.0,17.0,3.9,4.36,-6.0,-20.0,10.0,1.0
