date,revenue,f_revenue,employment,f_employment,wages,f_wages,demand,f_demand,prices_received,f_prices_received,biz_climate,f_biz_climate,skills_avalaible,f_skills_avalaible,avg_work_week,f_avg_work_week,prices_paid,f_prices_paid,capex,f_capex
1993-11-01,28,,3,,24,,,65,2.91,2.99,,,,,,,,,,
1993-12-01,26,,7,,19,,,60,2.58,3.2800000000000002,,,,,,,,,,
1994-01-01,14,,1,,1,,,62,2.52,3.5100000000000002,,,,,,,,,,
1994-02-01,20,,3,,17,,,54,3.91,4.64,,,,,,,,,,
1994-03-01,28,,3,,16,,,62,2.0300000000000002,3.31,,,,,,,,,,
1994-04-01,11,,0,,14,,,51,2.43,3.41,,,,,,,,,,
1994-05-01,15,,2,,16,,,55,1.47,3.46,,,,,,,,,,
1994-06-01,25,,1,,14,,,53,1.47,3.22,,,,,,,,,,
1994-07-01,9,,0,,15,,,49,1.46,2.06,,,,,,,,,,
1994-08-01,17,,-4,,16,,,42,2.69,3.0,,,,,,,,,,
1994-09-01,22,,5,,22,,,50,2.35,2.97,,,,,,,,,,
1994-10-01,15,,2,,18,,,47,1.43,2.98,,,,,,,,,,
1994-11-01,10,,4,,16,,,44,2.18,3.16,,,,,,,,,,
1994-12-01,18,,5,,18,,,42,2.19,3.1,,,,,,,,,,
1995-01-01,11,,2,,15,,,43,3.17,3.08,,,,,,,,,,
1995-02-01,7,,8,,17,,,43,1.55,2.38,,,,,,,,,,
1995-03-01,14,,5,,20,,,43,1.6400000000000001,3.22,,,,,,,,,,
1995-04-01,20,,0,,20,,,41,2.24,3.09,,,,,,,,,,
1995-05-01,15,,-8,,16,,,35,1.61,2.82,,,,,,,,,,
1995-06-01,9,,4,,17,,,35,2.94,2.79,,,,,,,,,,
1995-07-01,12,,1,,16,,,39,4.38,3.2,,,,,,,,,,
1995-08-01,14,,4,,15,,,40,2.72,2.69,,,,,,,,,,
1995-09-01,11,,3,,13,,,32,2.77,2.99,,,,,,,,,,
1995-10-01,12,,4,,15,,,21,2.21,2.91,,,,,,,,,,
1995-11-01,24,,-2,,16,,,32,2.22,2.92,,,,,,,,,,
1995-12-01,-9,,-5,,11,,,35,3.46,2.66,,,,,,,,,,
1996-01-01,8,,-7,,15,,,37,2.68,2.21,,,,,,,,,,
1996-02-01,11,,-11,,17,,,33,2.68,2.62,,,,,,,,,,
1996-03-01,3,,-3,,12,,,33,3.0500000000000003,3.44,,,,,,,,,,
1996-04-01,8,,2,,14,,,38,2.14,2.1,,,,,,,,,,
1996-05-01,13,,1,,11,,,40,2.95,2.18,,,,,,,,,,
1996-06-01,10,,-2,,14,,,39,2.43,1.97,,,,,,,,,,
1996-07-01,17,,1,,20,,,43,2.94,2.09,,,,,,,,,,
1996-08-01,17,,7,,23,,,47,2.74,2.17,,,,,,,,,,
1996-09-01,8,,-1,,17,,,34,2.72,2.05,,,,,,,,,,
1996-10-01,19,,4,,20,,,39,3.42,3.21,,,,,,,,,,
1996-11-01,1,,5,,15,,,34,2.92,2.24,,,,,,,,,,
1996-12-01,7,,3,,27,,,40,2.79,2.24,,,,,,,,,,
1997-01-01,28,,9,,18,,,43,2.64,2.3000000000000003,,,,,,,,,,
1997-02-01,19,,10,,20,,,45,2.79,2.2800000000000002,,,,,,,,,,
1997-03-01,28,,8,,23,,,44,3.11,2.0,,,,,,,,,,
1997-04-01,9,,11,,27,,,45,2.58,2.64,,,,,,,,,,
1997-05-01,9,,5,,22,,,36,2.48,3.14,,,,,,,,,,
1997-06-01,25,,10,,23,,,30,2.58,2.71,,,,,,,,,,
1997-07-01,29,,15,,27,,,30,1.62,2.39,,,,,,,,,,
1997-08-01,21,,10,,26,,,42,1.96,2.58,,,,,,,,,,
1997-09-01,19,,10,,24,,,45,1.45,2.67,,,,,,,,,,
1997-10-01,18,,5,,22,,,50,2.27,2.38,,,,,,,,,,
1997-11-01,32,,10,,22,,,45,1.5,2.37,,,,,,,,,,
1997-12-01,23,,13,,27,,,34,1.29,2.38,,,,,,,,,,
1998-01-01,14,,13,,27,,,23,2.2600000000000002,2.83,,,,,,,,,,
1998-02-01,15,,7,,25,,,36,2.7600000000000002,2.85,,,,,,,,,,
1998-03-01,4,,4,,27,,,31,2.06,2.89,,,,,,,,,,
1998-04-01,15,,8,,22,,,39,1.49,2.17,,,,,,,,,,
1998-05-01,17,,9,,29,,,36,1.17,1.99,,,,,,,,,,
1998-06-01,10,,3,,30,,,43,0.88,2.0100000000000002,,,,,,,,,,
1998-07-01,13,,-10,,19,,,32,1.01,1.37,,,,,,,,,,
1998-08-01,-2,,-1,,19,,,30,0.92,1.6400000000000001,,,,,,,,,,
1998-09-01,16,,-3,,38,,,27,0.79,1.09,,,,,,,,,,
1998-10-01,8,,-1,,31,,,37,1.23,1.22,,,,,,,,,,
1998-11-01,6,,-6,,21,,,26,1.36,1.04,,,,,,,,,,
1998-12-01,21,,-3,,24,,,37,0.98,1.17,,,,,,,,,,
1999-01-01,4,,3,,21,,,30,0.85,1.27,,,,,,,,,,
1999-02-01,24,,-4,,22,,,19,1.19,1.22,,,,,,,,,,
1999-03-01,7,,5,,22,,,27,0.97,1.26,,,,,,,,,,
1999-04-01,-6,,-15,,33,,,23,1.36,1.53,,,,,,,,,,
1999-05-01,14,,-2,,25,,,26,1.6300000000000001,1.81,,,,,,,,,,
1999-06-01,10,,-2,,25,,,39,1.53,1.83,,,,,,,,,,
1999-07-01,7,,-4,,19,,,39,1.92,2.14,,,,,,,,,,
1999-08-01,10,,6,,22,,,29,1.48,1.71,,,,,,,,,,
1999-09-01,14,,1,,22,,,22,1.23,1.67,,,,,,,,,,
1999-10-01,9,,-2,,20,,,26,0.8200000000000001,1.69,,,,,,,,,,
1999-11-01,21,,3,,29,,,44,1.25,1.81,,,,,,,,,,
1999-12-01,12,,4,,23,,,29,1.71,2.2600000000000002,,,,,,,,,,
2000-01-01,32,,23,,14,,,36,1.67,1.74,,,,,,,,,,
2000-02-01,9,,4,,27,,,35,1.9100000000000001,2.0100000000000002,,,,,,,,,,
2000-03-01,14,,-2,,31,,,30,1.19,1.83,,,,,,,,,,
2000-04-01,-4,,-8,,23,,,10,1.73,2.25,,,,,,,,,,
2000-05-01,28,,-9,,25,,,26,1.11,2.15,,,,,,,,,,
2000-06-01,-4,,-9,,26,,,8,1.73,2.29,,,,,,,,,,
2000-07-01,0,,0,,26,,,18,1.44,2.5100000000000002,,,,,,,,,,
2000-08-01,19,,-11,,34,,,23,1.23,1.85,,,,,,,,,,
2000-09-01,-10,,-9,,31,,,21,1.6,2.37,,,,,,,,,,
2000-10-01,6,,2,,25,,,15,1.16,2.21,,,,,,,,,,
2000-11-01,-1,,-5,,18,,,12,2.68,2.91,,,,,,,,,,
2000-12-01,-22,,-13,,12,,,15,1.2,1.96,,,,,,,,,,
2001-01-01,-5,,-10,,11,,,15,1.31,1.4000000000000001,,,,,,,,,,
2001-02-01,0,,-5,,14,,,15,0.92,1.48,,,,,,,,,,
2001-03-01,-16,,-12,,12,,,17,0.64,1.04,,,,,,,,,,
2001-04-01,14,,6,,34,,,35,2.0,1.84,,,,,,,,,,
2001-05-01,-13,,1,,18,,,39,1.23,1.6,,,,,,,,,,
2001-06-01,-5,,-10,,9,,,31,0.97,1.25,,,,,,,,,,
2001-07-01,-8,,-14,,11,,,23,0.93,0.98,,,,,,,,,,
2001-08-01,-11,,-11,,8,,,29,1.21,1.19,,,,,,,,,,
2001-09-01,-19,,-8,,17,,,4,1.21,1.08,,,,,,,,,,
2001-10-01,2,,-9,,12,,,30,1.08,1.22,,,,,,,,,,
2001-11-01,-5,,0,,17,,,16,0.96,1.29,,,,,,,,,,
2001-12-01,5,,2,,21,,,27,0.87,0.99,,,,,,,,,,
2002-01-01,-19,,-7,,12,,,24,0.64,1.33,,,,,,,,,,
2002-02-01,18,,-3,,30,,,46,0.9400000000000001,1.03,,,,,,,,,,
2002-03-01,16,,-4,,10,,,40,0.44,1.44,,,,,,,,,,
2002-04-01,-1,,-3,,12,,,31,0.55,1.09,,,,,,,,,,
2002-05-01,-4,,-3,,14,,,23,1.3,1.36,,,,,,,,,,
2002-06-01,-2,,-3,,21,,,18,0.8200000000000001,1.23,,,,,,,,,,
2002-07-01,-16,,-11,,13,,,25,0.96,1.6500000000000001,,,,,,,,,,
2002-08-01,0,,-5,,18,,,26,0.96,1.83,,,,,,,,,,
2002-09-01,2,,2,,12,,,29,0.98,1.8,,,,,,,,,,
2002-10-01,-24,,-17,,11,,,18,0.66,1.19,,,,,,,,,,
2002-11-01,-7,,-12,,13,,,27,0.9500000000000001,1.46,,,,,,,,,,
2002-12-01,-17,,-9,,11,,,17,0.78,1.62,,,,,,,,,,
2003-01-01,4,,-6,,11,,,22,0.62,1.5,,,,,,,,,,
2003-02-01,-22,,-1,,12,,,6,0.41000000000000003,1.35,,,,,,,,,,
2003-03-01,2,,-3,,21,,,23,0.98,1.21,,,,,,,,,,
2003-04-01,-6,,-14,,9,,,24,0.76,1.07,,,,,,,,,,
2003-05-01,-14,,-5,,11,,,14,0.68,0.87,,,,,,,,,,
2003-06-01,-10,,-11,,16,,,31,0.78,1.27,,,,,,,,,,
2003-07-01,22,,11,,16,,,29,0.47000000000000003,1.4000000000000001,,,,,,,,,,
2003-08-01,20,,8,,8,,,24,0.9500000000000001,1.03,,,,,,,,,,
2003-09-01,6,,3,,16,,,22,0.8300000000000001,1.1400000000000001,,,,,,,,,,
2003-10-01,16,,5,,13,,,36,0.65,1.27,,,,,,,,,,
2003-11-01,3,,4,,25,,,33,0.8300000000000001,1.25,,,,,,,,,,
2003-12-01,19,,14,,17,,,38,1.01,1.01,,,,,,,,,,
2004-01-01,6,,8,,22,,,37,0.91,1.23,,,,,,,,,,
2004-02-01,15,,2,,20,,,36,0.97,1.43,,,,,,,,,,
2004-03-01,14,,4,,22,,,41,1.51,1.96,,,,,,,,,,
2004-04-01,21,,-1,,26,,,31,1.24,1.51,,,,,,,,,,
2004-05-01,15,,3,,20,,,35,1.21,1.49,,,,,,,,,,
2004-06-01,12,,6,,16,,,31,0.9400000000000001,1.3900000000000001,,,,,,,,,,
2004-07-01,11,,7,,15,,,33,1.23,1.3900000000000001,,,,,,,,,,
2004-08-01,5,,4,,21,,,35,1.16,1.7,,,,,,,,,,
2004-09-01,15,,11,,20,,,37,0.96,1.6300000000000001,,,,,,,,,,
2004-10-01,4,,10,,22,,,30,1.0,1.85,,,,,,,,,,
2004-11-01,14,,13,,17,,,34,1.18,1.82,,,,,,,,,,
2004-12-01,8,,11,,25,,,37,1.12,1.96,,,,,,,,,,
2005-01-01,17,,13,,14,,,29,1.25,1.82,,,,,,,,,,
2005-02-01,12,,12,,12,,,20,0.67,1.59,,,,,,,,,,
2005-03-01,12,,15,,18,,,26,1.6500000000000001,1.77,,,,,,,,,,
2005-04-01,7,,9,,18,,,24,1.03,1.75,,,,,,,,,,
2005-05-01,14,,11,,24,,,33,0.85,1.58,,,,,,,,,,
2005-06-01,11,,14,,25,,,40,1.16,1.85,,,,,,,,,,
2005-07-01,23,,6,,25,,,36,1.02,1.85,,,,,,,,,,
2005-08-01,20,,10,,21,,,36,1.21,2.0100000000000002,,,,,,,,,,
2005-09-01,21,,6,,19,,,33,1.41,2.43,,,,,,,,,,
2005-10-01,21,,5,,20,,,35,2.04,3.0100000000000002,,,,,,,,,,
2005-11-01,11,,6,,22,,,38,1.3800000000000001,2.44,,,,,,,,,,
2005-12-01,11,,4,,17,,,38,1.3800000000000001,2.39,,,,,,,,,,
2006-01-01,22,,11,,22,,,31,1.36,2.52,,,,,,,,,,
2006-02-01,7,,9,,22,,,39,1.3,2.75,,,,,,,,,,
2006-03-01,8,,-2,,15,,,31,1.36,2.77,,,,,,,,,,
2006-04-01,12,,4,,20,,,31,2.1,3.0300000000000002,,,,,,,,,,
2006-05-01,13,,6,,16,,,20,1.69,3.16,,,,,,,,,,
2006-06-01,9,,6,,19,,,21,1.36,3.12,,,,,,,,,,
2006-07-01,-4,,-1,,17,,,17,1.18,3.24,,,,,,,,,,
2006-08-01,9,,12,,18,,,26,1.29,2.66,,,,,,,,,,
2006-09-01,13,,12,,17,,,30,1.0,1.84,,,,,,,,,,
2006-10-01,5,,12,,15,,,34,1.19,1.42,,,,,,,,,,
2006-11-01,10,,5,,9,,,27,1.0,1.79,,,,,,,,,,
2006-12-01,7,,10,,16,,,27,0.99,1.7,,,,,,,,,,
2007-01-01,4,,4,,17,,,32,0.78,2.12,,,,,,,,,,
2007-02-01,11,,6,,20,,,28,1.34,1.81,,,,,,,,,,
2007-03-01,6,,5,,19,,,28,0.64,1.52,,,,,,,,,,
2007-04-01,6,,7,,17,,,27,0.86,1.42,,,,,,,,,,
2007-05-01,7,,1,,15,,,35,1.1,1.72,,,,,,,,,,
2007-06-01,14,,1,,15,,,25,0.87,1.48,,,,,,,,,,
2007-07-01,7,,5,,6,,,38,1.02,1.58,,,,,,,,,,
2007-08-01,-11,,3,,14,,,17,0.8300000000000001,1.3900000000000001,,,,,,,,,,
2007-09-01,-5,,-2,,18,,,21,0.9500000000000001,1.49,,,,,,,,,,
2007-10-01,4,,-2,,16,,,22,0.85,1.45,,,,,,,,,,
2007-11-01,-2,,-3,,15,,,23,0.76,1.71,,,,,,,,,,
2007-12-01,0,,-7,,14,,,15,1.02,2.02,,,,,,,,,,
2008-01-01,-10,,-6,,19,,,15,1.1500000000000001,1.94,,,,,,,,,,
2008-02-01,-2,,-2,,14,,,22,1.29,2.0300000000000002,,,,,,,,,,
2008-03-01,-6,,-2,,12,,,21,1.0,1.85,,,,,,,,,,
2008-04-01,-4,,-6,,12,,,10,0.85,1.86,,,,,,,,,,
2008-05-01,-11,,-12,,6,,,3,0.91,1.5,,,,,,,,,,
2008-06-01,-10,,-11,,12,,,-3,1.2,1.61,,,,,,,,,,
2008-07-01,-16,,-13,,18,,,7,1.09,1.53,,,,,,,,,,
2008-08-01,-10,,-8,,12,,,4,0.91,1.93,,,,,,,,,,
2008-09-01,-10,,-12,,4,,,7,1.12,1.78,,,,,,,,,,
2008-10-01,-9,,-14,,3,,,9,1.11,1.77,,,,,,,,,,
2008-11-01,-23,,-18,,4,,,1,0.85,1.72,,,,,,,,,,
2008-12-01,-30,,-16,,3,,,1,0.45,0.9400000000000001,,,,,,,,,,
2009-01-01,-20,,-23,,-4,,,-14,1.19,1.9000000000000001,,,,,,,,,,
2009-02-01,-22,,-29,,-7,,,-9,0.53,0.9400000000000001,,,,,,,,,,
2009-03-01,-26,,-31,,-9,,,-5,0.5700000000000001,0.96,,,,,,,,,,
2009-04-01,-30,,-27,,-6,,,-4,0.36,0.53,,,,,,,,,,
2009-05-01,-32,,-29,,-11,,,3,0.19,1.01,,,,,,,,,,
2009-06-01,-26,,-24,,-6,,,10,0.44,1.04,,,,,,,,,,
2009-07-01,-19,,-16,,-8,,,10,0.22,0.9400000000000001,,,,,,,,,,
2009-08-01,-2,,-18,,-8,,,22,0.2,0.76,,,,,,,,,,
2009-09-01,-7,,-4,,5,,,23,0.26,0.8,,,,,,,,,,
2009-10-01,-20,,-15,,-5,,,10,0.18,0.87,,,,,,,,,,
2009-11-01,-5,,3,,2,,,25,-0.42,0.49,,,,,,,,,,
2009-12-01,-11,,-5,,0,,,19,0.27,0.73,,,,,,,,,,
2010-01-01,-7,,-6,,6,,,18,0.3,0.84,,,,,,,,,,
2010-02-01,-13,,-9,,5,,,10,0.38,0.68,,,,,,,,,,
2010-03-01,-1,,-3,,7,,,16,0.19,0.9400000000000001,,,,,,,,,,
2010-04-01,4,,4,,5,,,25,0.55,1.01,,,,,,,,,,
2010-05-01,6,,2,,4,,,22,0.26,0.9,,,,,,,,,,
2010-06-01,2,,-3,,6,,,30,0.41000000000000003,1.01,,,,,,,,,,
2010-07-01,2,,-6,,-3,,,27,0.59,0.81,,,,,,,,,,
2010-08-01,-3,,-3,,10,,,25,0.64,0.91,,,,,,,,,,
2010-09-01,-4,,-5,,9,,,26,0.46,1.02,,,,,,,,,,
2010-10-01,0,,-3,,6,,,40,0.64,1.16,,,,,,,,,,
2010-11-01,5,,5,,10,,,31,0.6900000000000001,1.33,,,,,,,,,,
2010-12-01,16,40.0,19,26.0,8,23.0,26.0,40,0.54,1.23,21.0,41.0,10.0,9.0,11.0,8.0,2.05,3.09,17.0,17.0
2011-01-01,12,50.0,7,27.0,12,37.0,11.0,51,0.33,1.31,20.0,55.0,7.0,7.0,-3.0,17.0,2.86,3.94,5.0,30.0
2011-02-01,10,46.0,6,23.0,5,29.0,15.0,46,0.56,1.42,14.0,53.0,6.0,6.0,-1.0,9.0,1.87,2.48,4.0,21.0
2011-03-01,8,39.0,6,24.0,12,35.0,17.0,46,0.86,1.36,14.0,45.0,7.0,6.0,3.0,18.0,3.09,3.8000000000000003,10.0,23.0
2011-04-01,17,40.0,10,25.0,10,33.0,29.0,47,0.85,1.35,26.0,46.0,10.0,6.0,10.0,17.0,2.46,3.22,12.0,25.0
2011-05-01,6,33.0,10,23.0,18,25.0,19.0,42,0.98,1.46,14.0,42.0,7.0,8.0,8.0,10.0,2.62,3.41,11.0,13.0
2011-06-01,1,35.0,5,21.0,9,27.0,14.0,38,0.77,1.3,9.0,34.0,6.0,8.0,7.0,10.0,2.56,3.36,13.0,27.0
2011-07-01,14,32.0,9,18.0,14,25.0,22.0,37,0.85,1.46,13.0,38.0,4.0,5.0,9.0,7.0,2.71,3.27,12.0,24.0
2011-08-01,4,26.0,4,16.0,8,21.0,8.0,32,0.68,1.33,4.0,29.0,7.0,10.0,8.0,9.0,2.17,2.66,5.0,20.0
2011-09-01,1,21.0,6,11.0,11,22.0,7.0,25,0.71,1.22,6.0,24.0,7.0,7.0,2.0,6.0,2.09,2.43,8.0,17.0
2011-10-01,0,22.0,8,11.0,14,21.0,7.0,26,0.58,1.25,-2.0,27.0,6.0,6.0,3.0,7.0,2.02,2.7,9.0,20.0
2011-11-01,7,26.0,0,12.0,14,26.0,11.0,30,0.9400000000000001,1.26,6.0,29.0,0.0,1.0,5.0,6.0,1.84,2.2800000000000002,11.0,21.0
2011-12-01,17,25.0,8,19.0,17,26.0,21.0,33,1.31,1.69,19.0,32.0,9.0,10.0,6.0,8.0,2.54,2.74,9.0,16.0
2012-01-01,11,36.0,7,24.0,10,34.0,15.0,37,0.5700000000000001,1.24,14.0,37.0,11.0,7.0,4.0,13.0,2.3000000000000003,2.6,8.0,22.0
2012-02-01,6,36.0,11,23.0,17,28.0,19.0,37,0.88,1.33,15.0,39.0,9.0,8.0,9.0,11.0,2.38,2.66,10.0,23.0
2012-03-01,22,34.0,11,21.0,18,27.0,35.0,42,1.22,1.6,31.0,40.0,4.0,5.0,16.0,8.0,2.82,3.13,17.0,26.0
2012-04-01,10,32.0,5,18.0,15,24.0,24.0,30,1.06,1.53,22.0,33.0,5.0,9.0,12.0,8.0,2.74,3.0300000000000002,10.0,20.0
2012-05-01,3,33.0,8,13.0,11,24.0,17.0,29,1.1,1.31,11.0,31.0,3.0,10.0,6.0,5.0,2.23,2.7600000000000002,13.0,19.0
2012-06-01,7,24.0,7,11.0,14,17.0,15.0,22,1.09,1.45,10.0,25.0,6.0,5.0,2.0,0.0,2.22,2.82,9.0,11.0
2012-07-01,-1,25.0,3,10.0,10,22.0,5.0,24,0.68,1.16,5.0,23.0,2.0,3.0,-5.0,4.0,2.27,2.5300000000000002,5.0,12.0
2012-08-01,-3,19.0,4,10.0,11,23.0,5.0,22,1.57,2.21,3.0,21.0,1.0,1.0,0.0,2.0,2.59,3.22,4.0,9.0
2012-09-01,6,24.0,1,10.0,9,25.0,10.0,28,0.9400000000000001,1.44,8.0,27.0,4.0,7.0,1.0,4.0,2.41,2.86,7.0,16.0
2012-10-01,4,21.0,0,6.0,11,21.0,14.0,21,1.05,1.47,10.0,19.0,4.0,2.0,5.0,1.0,2.18,2.58,4.0,5.0
2012-11-01,5,21.0,-6,6.0,10,23.0,9.0,22,0.99,1.44,8.0,22.0,3.0,4.0,6.0,3.0,2.34,2.67,4.0,8.0
2012-12-01,3,23.0,-5,6.0,10,22.0,7.0,22,1.1300000000000001,1.61,6.0,20.0,0.0,-4.0,-1.0,4.0,2.6,2.93,4.0,7.0
2013-01-01,18,13.0,1,12.0,9,18.0,15.0,11,1.33,1.6500000000000001,13.0,13.0,2.0,-1.0,4.0,-7.0,2.27,2.61,4.0,6.0
2013-02-01,7,18.0,0,8.0,17,25.0,13.0,18,1.51,1.7,13.0,19.0,-1.0,-4.0,6.0,4.0,2.45,2.81,3.0,8.0
2013-03-01,1,19.0,-1,3.0,6,20.0,6.0,17,0.93,1.3,8.0,19.0,1.0,3.0,0.0,3.0,2.07,2.27,3.0,10.0
2013-04-01,-2,19.0,-2,5.0,11,21.0,6.0,18,1.03,1.32,7.0,18.0,-2.0,-3.0,-1.0,0.0,1.94,2.37,-4.0,11.0
2013-05-01,7,25.0,-2,7.0,13,22.0,10.0,24,1.25,1.81,8.0,25.0,4.0,0.0,0.0,-3.0,2.54,2.82,6.0,9.0
2013-06-01,9,24.0,1,10.0,11,25.0,18.0,23,1.04,1.43,16.0,23.0,4.0,0.0,2.0,1.0,2.36,2.58,3.0,14.0
2013-07-01,3,26.0,3,10.0,11,29.0,12.0,28,1.1,1.54,14.0,26.0,3.0,-1.0,3.0,5.0,2.09,2.5,6.0,11.0
2013-08-01,6,29.0,1,12.0,14,22.0,14.0,25,0.92,1.3,12.0,35.0,0.0,2.0,-3.0,1.0,2.02,2.25,10.0,22.0
2013-09-01,4,27.0,9,16.0,18,24.0,10.0,25,1.26,1.76,9.0,29.0,0.0,-4.0,0.0,2.0,2.33,2.81,8.0,20.0
2013-10-01,0,30.0,3,13.0,11,24.0,2.0,29,1.11,1.54,2.0,28.0,0.0,0.0,3.0,6.0,2.21,2.38,7.0,21.0
2013-11-01,0,25.0,12,12.0,7,21.0,9.0,25,1.1,1.58,5.0,21.0,5.0,6.0,-3.0,5.0,2.17,2.81,6.0,21.0
2013-12-01,10,37.0,4,22.0,0,25.0,4.0,32,0.9,0.81,6.0,36.0,0.0,3.0,-6.0,1.0,1.7,1.99,12.0,16.0
2014-01-01,2,28.0,0,11.0,6,18.0,10.0,29,0.99,1.29,6.0,32.0,-2.0,-1.0,0.0,10.0,2.11,2.84,5.0,21.0
2014-02-01,3,25.0,7,13.0,11,22.0,8.0,22,1.04,1.28,4.0,28.0,7.0,5.0,2.0,9.0,1.9100000000000001,2.4,11.0,20.0
2014-03-01,8,32.0,0,18.0,10,20.0,13.0,30,1.36,1.56,9.0,33.0,-1.0,1.0,0.0,3.0,1.98,2.31,9.0,19.0
2014-04-01,10,19.0,11,16.0,11,20.0,11.0,18,1.05,1.45,12.0,21.0,3.0,5.0,5.0,0.0,2.15,2.2600000000000002,13.0,9.0
2014-05-01,9,19.0,8,18.0,17,24.0,14.0,22,1.01,1.5,17.0,22.0,6.0,4.0,8.0,2.0,2.3000000000000003,2.2,15.0,18.0
2014-06-01,10,28.0,14,25.0,15,25.0,13.0,30,1.16,1.69,17.0,31.0,-5.0,3.0,6.0,7.0,2.33,2.49,13.0,22.0
2014-07-01,14,26.0,12,20.0,20,23.0,21.0,26,1.24,1.6600000000000001,23.0,33.0,4.0,2.0,9.0,1.0,2.05,2.15,19.0,25.0
2014-08-01,15,30.0,14,20.0,14,27.0,22.0,32,1.36,1.8800000000000001,18.0,33.0,1.0,-2.0,8.0,3.0,2.3000000000000003,2.69,11.0,19.0
2014-09-01,20,29.0,15,18.0,15,28.0,21.0,25,1.3900000000000001,1.79,25.0,31.0,2.0,-4.0,10.0,5.0,2.14,2.47,13.0,20.0
2014-10-01,22,32.0,15,25.0,19,29.0,25.0,33,1.46,1.75,24.0,33.0,1.0,-1.0,8.0,7.0,2.27,2.5100000000000002,10.0,20.0
2014-11-01,24,44.0,18,25.0,24,38.0,29.0,38,1.59,1.8800000000000001,27.0,44.0,-3.0,-11.0,13.0,5.0,2.29,2.6,16.0,26.0
2014-12-01,13,34.0,15,18.0,21,30.0,14.0,29,1.51,1.74,15.0,32.0,-3.0,-1.0,8.0,5.0,1.46,2.16,14.0,22.0
2015-01-01,14,33.0,15,30.0,24,33.0,20.0,35,1.34,1.85,19.0,33.0,-3.0,-1.0,10.0,6.0,1.85,2.27,20.0,27.0
2015-02-01,19,34.0,10,20.0,22,27.0,26.0,36,1.21,1.75,22.0,32.0,-6.0,-6.0,6.0,6.0,1.77,2.27,18.0,23.0
2015-03-01,15,30.0,6,23.0,21,33.0,22.0,32,1.18,1.34,19.0,33.0,-9.0,-7.0,10.0,5.0,1.73,2.0100000000000002,17.0,26.0
2015-04-01,9,35.0,11,26.0,19,34.0,20.0,34,1.42,1.87,18.0,37.0,-5.0,-11.0,11.0,9.0,1.93,2.52,19.0,26.0
2015-05-01,8,39.0,12,22.0,14,34.0,18.0,39,1.29,1.6500000000000001,17.0,41.0,-8.0,-9.0,3.0,11.0,1.71,2.2,13.0,35.0
2015-06-01,20,35.0,11,18.0,20,30.0,22.0,27,1.22,1.74,16.0,27.0,-7.0,-7.0,10.0,7.0,1.58,1.81,19.0,21.0
2015-07-01,24,42.0,10,23.0,22,30.0,26.0,38,1.24,1.42,22.0,38.0,-5.0,-6.0,7.0,6.0,1.6600000000000001,1.85,16.0,25.0
2015-08-01,30,35.0,16,25.0,26,35.0,34.0,36,1.53,1.95,35.0,35.0,-10.0,-8.0,19.0,6.0,1.8800000000000001,2.24,23.0,29.0
2015-09-01,9,31.0,9,22.0,22,32.0,25.0,28,1.19,1.58,16.0,36.0,-12.0,-5.0,9.0,7.0,1.54,1.93,18.0,26.0
2015-10-01,12,33.0,19,20.0,16,29.0,23.0,35,1.2,1.57,19.0,42.0,-7.0,-4.0,7.0,4.0,1.68,2.14,16.0,23.0
2015-11-01,5,35.0,12,21.0,18,30.0,18.0,34,1.3,1.81,19.0,37.0,1.0,-1.0,6.0,7.0,1.67,1.96,16.0,20.0
2015-12-01,13,27.0,19,20.0,15,30.0,21.0,33,1.43,1.6600000000000001,17.0,29.0,-6.0,-6.0,8.0,3.0,1.52,1.71,15.0,20.0
2016-01-01,12,27.0,19,19.0,24,29.0,17.0,21,1.28,1.44,13.0,20.0,-10.0,-12.0,7.0,6.0,1.6600000000000001,1.8800000000000001,14.0,10.0
2016-02-01,-2,25.0,14,19.0,14,30.0,15.0,26,1.6600000000000001,1.68,8.0,25.0,-8.0,-4.0,5.0,-1.0,1.77,1.9000000000000001,13.0,15.0
2016-03-01,12,31.0,11,17.0,18,34.0,18.0,30,1.37,1.49,9.0,23.0,-6.0,-8.0,10.0,4.0,1.7,1.71,18.0,19.0
2016-04-01,8,28.0,12,16.0,23,34.0,18.0,28,1.3,1.54,6.0,20.0,-10.0,-8.0,4.0,3.0,1.62,2.0300000000000002,14.0,24.0
2016-05-01,7,28.0,16,23.0,19,35.0,16.0,26,1.5,1.8800000000000001,11.0,19.0,-10.0,-9.0,9.0,5.0,1.6,1.8900000000000001,13.0,20.0
2016-06-01,2,18.0,19,13.0,22,30.0,12.0,21,1.27,1.52,6.0,18.0,-14.0,-10.0,13.0,-2.0,1.6600000000000001,1.78,11.0,10.0
2016-07-01,0,27.0,9,25.0,13,35.0,9.0,32,1.42,2.02,1.0,23.0,-6.0,-6.0,4.0,3.0,2.11,2.66,8.0,16.0
2016-08-01,-1,28.0,10,19.0,18,36.0,8.0,27,1.86,1.62,10.0,31.0,0.0,-4.0,7.0,12.0,1.7,2.2,-4.0,18.0
2016-09-01,11,30.0,10,23.0,34,29.0,18.0,31,1.56,2.0300000000000002,12.0,25.0,-4.0,0.0,7.0,8.0,2.08,2.7600000000000002,12.0,18.0
2016-10-01,6,30.0,8,21.0,22,30.0,13.0,27,1.33,1.94,8.0,21.0,-2.0,-5.0,9.0,7.0,1.6400000000000001,2.0,19.0,13.0
2016-11-01,10,26.0,11,14.0,14,29.0,9.0,22,1.21,1.84,8.0,26.0,-5.0,1.0,1.0,6.0,1.49,2.16,11.0,19.0
2016-12-01,9,37.0,12,26.0,24,38.0,12.0,38,1.74,2.0300000000000002,18.0,35.0,-7.0,-4.0,5.0,3.0,2.04,2.5300000000000002,12.0,26.0
2017-01-01,21,44.0,9,32.0,22,42.0,21.0,38,1.71,2.17,21.0,40.0,-2.0,0.0,2.0,6.0,2.06,2.49,19.0,32.0
2017-02-01,15,44.0,9,28.0,22,40.0,16.0,44,1.69,2.13,17.0,36.0,-6.0,1.0,11.0,17.0,2.13,2.87,19.0,29.0
2017-03-01,9,36.0,16,30.0,22,43.0,22.0,37,1.8800000000000001,2.31,14.0,36.0,-4.0,2.0,11.0,11.0,2.47,2.67,22.0,25.0
2017-04-01,19,45.0,20,30.0,29,41.0,26.0,45,1.74,1.79,23.0,45.0,-4.0,-3.0,19.0,13.0,2.44,2.56,19.0,27.0
2017-05-01,28,39.0,17,35.0,25,42.0,35.0,40,1.73,2.02,35.0,39.0,-4.0,2.0,14.0,14.0,2.33,2.57,21.0,30.0
2017-06-01,20,41.0,16,31.0,28,40.0,26.0,36,1.1500000000000001,1.76,24.0,32.0,-6.0,-3.0,15.0,10.0,2.14,2.13,26.0,31.0
2017-07-01,13,36.0,21,27.0,32,34.0,19.0,32,0.97,1.6,20.0,35.0,-7.0,-9.0,10.0,11.0,2.27,2.69,23.0,28.0
2017-08-01,21,43.0,22,33.0,25,36.0,24.0,39,1.68,2.0300000000000002,17.0,37.0,-3.0,-4.0,8.0,12.0,2.12,2.34,28.0,31.0
2017-09-01,21,45.0,19,23.0,22,46.0,26.0,43,1.6,1.6400000000000001,16.0,42.0,-1.0,-4.0,10.0,11.0,2.2,2.0100000000000002,23.0,31.0
2017-10-01,24,47.0,17,37.0,27,44.0,25.0,51,1.69,1.73,23.0,42.0,-5.0,4.0,11.0,19.0,2.38,2.27,26.0,30.0
2017-11-01,34,45.0,21,37.0,27,40.0,38.0,51,1.79,1.73,33.0,46.0,3.0,-1.0,14.0,15.0,2.2600000000000002,2.27,30.0,37.0
2017-12-01,24,43.0,12,36.0,25,42.0,29.0,41,1.5,1.9100000000000001,25.0,42.0,-5.0,3.0,14.0,18.0,2.24,2.34,25.0,29.0
2018-01-01,22,44.0,20,40.0,26,44.0,26.0,44,1.6600000000000001,2.0,25.0,47.0,-1.0,1.0,16.0,22.0,2.04,2.17,18.0,36.0
2018-02-01,22,38.0,22,36.0,25,39.0,27.0,41,2.19,2.31,30.0,41.0,0.0,-3.0,14.0,13.0,2.47,3.0700000000000003,18.0,27.0
2018-03-01,19,33.0,17,27.0,29,38.0,23.0,40,1.78,2.05,14.0,33.0,-7.0,-6.0,14.0,13.0,2.34,2.58,17.0,28.0
2018-04-01,4,33.0,8,33.0,16,41.0,10.0,33,1.85,2.17,7.0,31.0,-2.0,-1.0,2.0,18.0,2.41,2.29,16.0,28.0
2018-05-01,17,26.0,14,31.0,18,38.0,21.0,31,1.73,2.18,18.0,20.0,-9.0,-8.0,10.0,9.0,2.48,2.75,16.0,26.0
2018-06-01,19,43.0,20,44.0,30,52.0,27.0,44,2.32,2.71,19.0,37.0,-11.0,-1.0,9.0,13.0,3.0100000000000002,3.14,24.0,32.0
2018-07-01,26,43.0,23,31.0,32,50.0,33.0,41,2.81,3.02,19.0,30.0,-10.0,-4.0,22.0,12.0,2.94,3.39,25.0,30.0
2018-08-01,28,48.0,10,31.0,30,42.0,29.0,44,1.8900000000000001,2.83,24.0,38.0,-12.0,-6.0,9.0,15.0,2.48,3.1,22.0,28.0
2018-09-01,19,59.0,19,37.0,30,42.0,28.0,49,2.7800000000000002,2.98,24.0,45.0,-16.0,-12.0,15.0,17.0,2.96,3.6,23.0,33.0
2018-10-01,-1,39.0,13,29.0,36,55.0,11.0,37,3.31,3.02,2.0,29.0,-25.0,-32.0,3.0,13.0,4.55,5.16,19.0,31.0
2018-11-01,9,33.0,6,29.0,37,53.0,14.0,25,2.73,2.66,8.0,23.0,-16.0,-20.0,5.0,11.0,3.49,3.9,15.0,29.0
2018-12-01,12,42.0,2,28.0,32,52.0,22.0,33,2.47,2.24,10.0,27.0,-18.0,-17.0,2.0,18.0,3.11,3.16,26.0,26.0
2019-01-01,12,26.0,5,25.0,28,50.0,15.0,26,3.13,3.44,2.0,3.0,-20.0,-13.0,4.0,17.0,4.22,4.09,4.0,19.0
2019-02-01,14,35.0,2,28.0,34,59.0,7.0,27,3.2,2.66,2.0,17.0,-18.0,-13.0,4.0,15.0,3.89,3.23,12.0,20.0
2019-03-01,2,28.0,6,29.0,27,54.0,12.0,20,2.42,2.25,0.0,16.0,-14.0,-6.0,0.0,13.0,3.43,2.38,12.0,14.0
2019-04-01,20,28.0,14,27.0,38,54.0,18.0,23,2.59,2.99,13.0,11.0,-12.0,-6.0,8.0,15.0,3.31,3.16,18.0,19.0
2019-05-01,1,29.0,12,24.0,36,62.0,13.0,30,2.2600000000000002,1.98,2.0,28.0,-15.0,-13.0,6.0,13.0,3.44,2.98,13.0,29.0
2019-06-01,18,32.0,11,28.0,34,52.0,13.0,24,2.87,2.39,7.0,13.0,-20.0,-5.0,10.0,6.0,3.2,3.0500000000000003,16.0,42.0
2019-07-01,14,30.0,11,30.0,27,49.0,19.0,30,2.7800000000000002,2.37,4.0,21.0,-16.0,-11.0,7.0,13.0,4.68,2.89,17.0,27.0
2019-08-01,1,35.0,10,36.0,34,63.0,13.0,33,1.75,2.02,4.0,21.0,-14.0,-8.0,12.0,15.0,3.23,2.92,10.0,25.0
2019-09-01,12,30.0,5,34.0,34,62.0,17.0,28,1.43,1.96,9.0,18.0,-15.0,-8.0,11.0,11.0,3.24,2.18,9.0,17.0
2019-10-01,18,22.0,4,28.0,27,55.0,17.0,28,2.2600000000000002,2.75,19.0,12.0,-8.0,1.0,5.0,11.0,3.0100000000000002,2.75,10.0,28.0
2019-11-01,12,38.0,8,28.0,30,62.0,13.0,29,2.7,3.31,15.0,27.0,-20.0,-8.0,9.0,11.0,4.14,3.0,11.0,20.0
2019-12-01,24,35.0,11,29.0,38,53.0,21.0,35,3.29,3.68,18.0,25.0,-14.0,-9.0,5.0,16.0,4.84,4.2700000000000005,7.0,23.0
2020-01-01,18,44.0,15,38.0,44,58.0,19.0,42,2.2,1.75,22.0,26.0,-17.0,-16.0,14.0,23.0,3.62,2.62,19.0,31.0
2020-02-01,10,26.0,13,14.0,33,44.0,19.0,23,2.04,2.17,30.0,19.0,-19.0,-8.0,4.0,13.0,3.24,2.94,10.0,19.0
2020-03-01,1,-13.0,4,5.0,24,43.0,7.0,-8,2.77,1.72,-7.0,-28.0,-10.0,-6.0,-1.0,3.0,3.63,2.09,10.0,14.0
2020-04-01,-87,-54.0,-34,-13.0,-15,8.0,-75.0,-22,1.34,0.91,-106.0,-59.0,10.0,19.0,-46.0,-10.0,4.21,1.62,-35.0,-34.0
2020-05-01,-57,-26.0,-27,-12.0,-12,6.0,-48.0,-20,0.91,0.59,-72.0,-20.0,20.0,25.0,-27.0,5.0,2.64,1.78,-30.0,-12.0
2020-06-01,-24,35.0,-4,15.0,4,20.0,-15.0,30,2.65,3.33,-25.0,28.0,7.0,17.0,-5.0,11.0,4.28,3.89,-10.0,1.0
2020-07-01,-15,7.0,-8,15.0,0,25.0,-7.0,14,2.13,2.2800000000000002,-4.0,14.0,1.0,11.0,-7.0,9.0,3.3000000000000003,3.25,-21.0,-4.0
2020-08-01,-1,9.0,0,7.0,4,17.0,-1.0,12,2.41,1.95,-1.0,13.0,5.0,16.0,-2.0,-1.0,4.6000000000000005,3.0100000000000002,-11.0,-5.0
2020-09-01,9,26.0,-3,10.0,14,23.0,13.0,27,3.5300000000000002,2.36,10.0,25.0,2.0,2.0,8.0,11.0,5.14,3.73,3.0,14.0
2020-10-01,12,23.0,10,21.0,12,35.0,10.0,20,1.92,1.94,14.0,21.0,-1.0,-3.0,5.0,16.0,4.68,3.75,1.0,15.0
2020-11-01,16,7.0,9,17.0,19,33.0,20.0,18,1.81,2.43,21.0,15.0,-4.0,6.0,6.0,4.0,3.62,3.12,10.0,19.0
2020-12-01,-4,16.0,10,20.0,13,37.0,-2.0,18,2.35,2.8000000000000003,-8.0,17.0,-5.0,0.0,8.0,8.0,4.65,3.62,2.0,8.0
2021-01-01,1,21.0,7,20.0,17,33.0,7.0,22,2.82,3.8200000000000003,-4.0,18.0,-4.0,-4.0,3.0,10.0,4.46,4.37,8.0,12.0
2021-02-01,-6,33.0,8,31.0,18,50.0,16.0,40,1.68,2.63,1.0,36.0,-9.0,-8.0,4.0,19.0,3.6,3.72,4.0,29.0
2021-03-01,15,49.0,10,41.0,28,47.0,22.0,47,2.66,3.63,26.0,50.0,-18.0,-18.0,9.0,21.0,4.76,4.4,9.0,30.0
2021-04-01,19,47.0,12,37.0,31,56.0,32.0,52,2.67,3.2600000000000002,29.0,53.0,-18.0,-19.0,13.0,22.0,5.0600000000000005,4.59,11.0,34.0
2021-05-01,29,53.0,10,47.0,38,61.0,41.0,52,3.21,3.93,33.0,53.0,-30.0,-27.0,17.0,22.0,5.4,5.0,13.0,32.0
2021-06-01,26,46.0,14,44.0,39,64.0,40.0,52,3.37,3.73,33.0,51.0,-29.0,-24.0,16.0,19.0,5.37,4.45,17.0,35.0
2021-07-01,18,50.0,13,44.0,38,62.0,28.0,51,3.5300000000000002,3.86,25.0,54.0,-28.0,-24.0,17.0,23.0,5.68,4.8500000000000005,17.0,39.0
2021-08-01,18,42.0,16,43.0,39,64.0,27.0,41,4.03,4.44,14.0,37.0,-28.0,-26.0,15.0,21.0,6.48,5.73,19.0,38.0
2021-09-01,1,30.0,13,39.0,44,67.0,21.0,32,4.17,4.74,5.0,19.0,-29.0,-24.0,13.0,22.0,6.38,5.58,15.0,39.0
2021-10-01,11,33.0,8,35.0,40,64.0,20.0,39,4.74,4.54,7.0,26.0,-30.0,-26.0,14.0,19.0,6.72,5.5,17.0,34.0
2021-11-01,11,28.0,17,40.0,42,63.0,19.0,39,5.17,4.54,7.0,24.0,-26.0,-23.0,12.0,19.0,6.68,6.09,13.0,36.0
2021-12-01,14,40.0,14,39.0,40,62.0,24.0,37,6.55,5.15,12.0,24.0,-21.0,-16.0,9.0,15.0,7.47,6.49,17.0,36.0
2022-01-01,8,35.0,12,34.0,41,65.0,24.0,35,4.93,4.95,1.0,23.0,-22.0,-19.0,9.0,16.0,7.33,6.26,8.0,28.0
2022-02-01,9,41.0,13,36.0,45,59.0,20.0,38,5.65,5.2,11.0,31.0,-21.0,-13.0,8.0,16.0,8.16,6.49,17.0,30.0
2022-03-01,8,27.0,11,33.0,38,63.0,18.0,24,5.7700000000000005,5.43,-3.0,6.0,-21.0,-14.0,7.0,8.0,8.38,6.99,16.0,29.0
2022-04-01,5,20.0,7,31.0,43,60.0,19.0,18,6.91,5.6000000000000005,-3.0,-7.0,-19.0,-19.0,7.0,13.0,8.72,7.44,20.0,33.0
2022-05-01,2,4.0,13,16.0,32,52.0,7.0,5,6.65,5.18,-12.0,-17.0,-21.0,-11.0,2.0,5.0,9.03,6.68,15.0,28.0
2022-06-01,0,8.0,8,13.0,30,55.0,3.0,0,6.6000000000000005,5.3500000000000005,-11.0,-23.0,-18.0,-6.0,,,10.46,7.58,8.0,19.0
2022-07-01,-13,-4.0,9,18.0,37,49.0,-6.0,-11,6.28,5.09,-33.0,-31.0,-7.0,2.0,,,9.18,6.58,7.0,13.0
2022-08-01,-12,11.0,10,23.0,41,61.0,-11.0,2,7.0200000000000005,5.48,-18.0,-18.0,-5.0,5.0,,,11.27,7.390000000000001,13.0,22.0
2022-09-01,0,15.0,11,13.0,37,62.0,5.0,4,6.68,5.2700000000000005,-2.0,-9.0,-15.0,0.0,,,9.39,6.25,14.0,22.0
2022-10-01,-8,-8.0,6,10.0,34,54.0,-7.0,-8,7.19,4.88,-19.0,-28.0,-8.0,-2.0,,,9.24,6.9,10.0,13.0
2022-11-01,-2,-2.0,5,15.0,42,62.0,-1.0,-3,6.5600000000000005,5.32,-13.0,-25.0,-7.0,5.0,,,10.13,6.78,7.0,6.0
2022-12-01,-12,1.0,-2,9.0,32,58.0,-8.0,-5,7.3,4.93,-14.0,-19.0,-10.0,12.0,,,9.21,6.51,10.0,12.0
2023-01-01,-6,9.0,9,18.0,38,55.0,-6.0,2,6.72,4.45,-10.0,-12.0,-10.0,9.0,,,9.67,6.44,8.0,7.0
2023-02-01,-3,5.0,5,17.0,36,49.0,6.0,10,6.54,4.8500000000000005,-6.0,-10.0,-4.0,3.0,,,8.27,6.13,-1.0,12.0
2023-03-01,-17,10.0,1,19.0,32,45.0,-1.0,7,6.41,4.33,-17.0,-9.0,-2.0,9.0,,,8.22,5.09,9.0,14.0
