"date","series_id","value","realtime_start","realtime_end"
1959-01-01,"PCEC96",NA,2023-01-29,2023-01-29
1959-02-01,"PCEC96",NA,2023-01-29,2023-01-29
1959-03-01,"PCEC96",NA,2023-01-29,2023-01-29
1959-04-01,"PCEC96",NA,2023-01-29,2023-01-29
1959-05-01,"PCEC96",NA,2023-01-29,2023-01-29
1959-06-01,"PCEC96",NA,2023-01-29,2023-01-29
1959-07-01,"PCEC96",NA,2023-01-29,2023-01-29
1959-08-01,"PCEC96",NA,2023-01-29,2023-01-29
1959-09-01,"PCEC96",NA,2023-01-29,2023-01-29
1959-10-01,"PCEC96",NA,2023-01-29,2023-01-29
1959-11-01,"PCEC96",NA,2023-01-29,2023-01-29
1959-12-01,"PCEC96",NA,2023-01-29,2023-01-29
1960-01-01,"PCEC96",NA,2023-01-29,2023-01-29
1960-02-01,"PCEC96",NA,2023-01-29,2023-01-29
1960-03-01,"PCEC96",NA,2023-01-29,2023-01-29
1960-04-01,"PCEC96",NA,2023-01-29,2023-01-29
1960-05-01,"PCEC96",NA,2023-01-29,2023-01-29
1960-06-01,"PCEC96",NA,2023-01-29,2023-01-29
1960-07-01,"PCEC96",NA,2023-01-29,2023-01-29
1960-08-01,"PCEC96",NA,2023-01-29,2023-01-29
1960-09-01,"PCEC96",NA,2023-01-29,2023-01-29
1960-10-01,"PCEC96",NA,2023-01-29,2023-01-29
1960-11-01,"PCEC96",NA,2023-01-29,2023-01-29
1960-12-01,"PCEC96",NA,2023-01-29,2023-01-29
1961-01-01,"PCEC96",NA,2023-01-29,2023-01-29
1961-02-01,"PCEC96",NA,2023-01-29,2023-01-29
1961-03-01,"PCEC96",NA,2023-01-29,2023-01-29
1961-04-01,"PCEC96",NA,2023-01-29,2023-01-29
1961-05-01,"PCEC96",NA,2023-01-29,2023-01-29
1961-06-01,"PCEC96",NA,2023-01-29,2023-01-29
1961-07-01,"PCEC96",NA,2023-01-29,2023-01-29
1961-08-01,"PCEC96",NA,2023-01-29,2023-01-29
1961-09-01,"PCEC96",NA,2023-01-29,2023-01-29
1961-10-01,"PCEC96",NA,2023-01-29,2023-01-29
1961-11-01,"PCEC96",NA,2023-01-29,2023-01-29
1961-12-01,"PCEC96",NA,2023-01-29,2023-01-29
1962-01-01,"PCEC96",NA,2023-01-29,2023-01-29
1962-02-01,"PCEC96",NA,2023-01-29,2023-01-29
1962-03-01,"PCEC96",NA,2023-01-29,2023-01-29
1962-04-01,"PCEC96",NA,2023-01-29,2023-01-29
1962-05-01,"PCEC96",NA,2023-01-29,2023-01-29
1962-06-01,"PCEC96",NA,2023-01-29,2023-01-29
1962-07-01,"PCEC96",NA,2023-01-29,2023-01-29
1962-08-01,"PCEC96",NA,2023-01-29,2023-01-29
1962-09-01,"PCEC96",NA,2023-01-29,2023-01-29
1962-10-01,"PCEC96",NA,2023-01-29,2023-01-29
1962-11-01,"PCEC96",NA,2023-01-29,2023-01-29
1962-12-01,"PCEC96",NA,2023-01-29,2023-01-29
1963-01-01,"PCEC96",NA,2023-01-29,2023-01-29
1963-02-01,"PCEC96",NA,2023-01-29,2023-01-29
1963-03-01,"PCEC96",NA,2023-01-29,2023-01-29
1963-04-01,"PCEC96",NA,2023-01-29,2023-01-29
1963-05-01,"PCEC96",NA,2023-01-29,2023-01-29
1963-06-01,"PCEC96",NA,2023-01-29,2023-01-29
1963-07-01,"PCEC96",NA,2023-01-29,2023-01-29
1963-08-01,"PCEC96",NA,2023-01-29,2023-01-29
1963-09-01,"PCEC96",NA,2023-01-29,2023-01-29
1963-10-01,"PCEC96",NA,2023-01-29,2023-01-29
1963-11-01,"PCEC96",NA,2023-01-29,2023-01-29
1963-12-01,"PCEC96",NA,2023-01-29,2023-01-29
1964-01-01,"PCEC96",NA,2023-01-29,2023-01-29
1964-02-01,"PCEC96",NA,2023-01-29,2023-01-29
1964-03-01,"PCEC96",NA,2023-01-29,2023-01-29
1964-04-01,"PCEC96",NA,2023-01-29,2023-01-29
1964-05-01,"PCEC96",NA,2023-01-29,2023-01-29
1964-06-01,"PCEC96",NA,2023-01-29,2023-01-29
1964-07-01,"PCEC96",NA,2023-01-29,2023-01-29
1964-08-01,"PCEC96",NA,2023-01-29,2023-01-29
1964-09-01,"PCEC96",NA,2023-01-29,2023-01-29
1964-10-01,"PCEC96",NA,2023-01-29,2023-01-29
1964-11-01,"PCEC96",NA,2023-01-29,2023-01-29
1964-12-01,"PCEC96",NA,2023-01-29,2023-01-29
1965-01-01,"PCEC96",NA,2023-01-29,2023-01-29
1965-02-01,"PCEC96",NA,2023-01-29,2023-01-29
1965-03-01,"PCEC96",NA,2023-01-29,2023-01-29
1965-04-01,"PCEC96",NA,2023-01-29,2023-01-29
1965-05-01,"PCEC96",NA,2023-01-29,2023-01-29
1965-06-01,"PCEC96",NA,2023-01-29,2023-01-29
1965-07-01,"PCEC96",NA,2023-01-29,2023-01-29
1965-08-01,"PCEC96",NA,2023-01-29,2023-01-29
1965-09-01,"PCEC96",NA,2023-01-29,2023-01-29
1965-10-01,"PCEC96",NA,2023-01-29,2023-01-29
1965-11-01,"PCEC96",NA,2023-01-29,2023-01-29
1965-12-01,"PCEC96",NA,2023-01-29,2023-01-29
1966-01-01,"PCEC96",NA,2023-01-29,2023-01-29
1966-02-01,"PCEC96",NA,2023-01-29,2023-01-29
1966-03-01,"PCEC96",NA,2023-01-29,2023-01-29
1966-04-01,"PCEC96",NA,2023-01-29,2023-01-29
1966-05-01,"PCEC96",NA,2023-01-29,2023-01-29
1966-06-01,"PCEC96",NA,2023-01-29,2023-01-29
1966-07-01,"PCEC96",NA,2023-01-29,2023-01-29
1966-08-01,"PCEC96",NA,2023-01-29,2023-01-29
1966-09-01,"PCEC96",NA,2023-01-29,2023-01-29
1966-10-01,"PCEC96",NA,2023-01-29,2023-01-29
1966-11-01,"PCEC96",NA,2023-01-29,2023-01-29
1966-12-01,"PCEC96",NA,2023-01-29,2023-01-29
1967-01-01,"PCEC96",NA,2023-01-29,2023-01-29
1967-02-01,"PCEC96",NA,2023-01-29,2023-01-29
1967-03-01,"PCEC96",NA,2023-01-29,2023-01-29
1967-04-01,"PCEC96",NA,2023-01-29,2023-01-29
1967-05-01,"PCEC96",NA,2023-01-29,2023-01-29
1967-06-01,"PCEC96",NA,2023-01-29,2023-01-29
1967-07-01,"PCEC96",NA,2023-01-29,2023-01-29
1967-08-01,"PCEC96",NA,2023-01-29,2023-01-29
1967-09-01,"PCEC96",NA,2023-01-29,2023-01-29
1967-10-01,"PCEC96",NA,2023-01-29,2023-01-29
1967-11-01,"PCEC96",NA,2023-01-29,2023-01-29
1967-12-01,"PCEC96",NA,2023-01-29,2023-01-29
1968-01-01,"PCEC96",NA,2023-01-29,2023-01-29
1968-02-01,"PCEC96",NA,2023-01-29,2023-01-29
1968-03-01,"PCEC96",NA,2023-01-29,2023-01-29
1968-04-01,"PCEC96",NA,2023-01-29,2023-01-29
1968-05-01,"PCEC96",NA,2023-01-29,2023-01-29
1968-06-01,"PCEC96",NA,2023-01-29,2023-01-29
1968-07-01,"PCEC96",NA,2023-01-29,2023-01-29
1968-08-01,"PCEC96",NA,2023-01-29,2023-01-29
1968-09-01,"PCEC96",NA,2023-01-29,2023-01-29
1968-10-01,"PCEC96",NA,2023-01-29,2023-01-29
1968-11-01,"PCEC96",NA,2023-01-29,2023-01-29
1968-12-01,"PCEC96",NA,2023-01-29,2023-01-29
1969-01-01,"PCEC96",NA,2023-01-29,2023-01-29
1969-02-01,"PCEC96",NA,2023-01-29,2023-01-29
1969-03-01,"PCEC96",NA,2023-01-29,2023-01-29
1969-04-01,"PCEC96",NA,2023-01-29,2023-01-29
1969-05-01,"PCEC96",NA,2023-01-29,2023-01-29
1969-06-01,"PCEC96",NA,2023-01-29,2023-01-29
1969-07-01,"PCEC96",NA,2023-01-29,2023-01-29
1969-08-01,"PCEC96",NA,2023-01-29,2023-01-29
1969-09-01,"PCEC96",NA,2023-01-29,2023-01-29
1969-10-01,"PCEC96",NA,2023-01-29,2023-01-29
1969-11-01,"PCEC96",NA,2023-01-29,2023-01-29
1969-12-01,"PCEC96",NA,2023-01-29,2023-01-29
1970-01-01,"PCEC96",NA,2023-01-29,2023-01-29
1970-02-01,"PCEC96",NA,2023-01-29,2023-01-29
1970-03-01,"PCEC96",NA,2023-01-29,2023-01-29
1970-04-01,"PCEC96",NA,2023-01-29,2023-01-29
1970-05-01,"PCEC96",NA,2023-01-29,2023-01-29
1970-06-01,"PCEC96",NA,2023-01-29,2023-01-29
1970-07-01,"PCEC96",NA,2023-01-29,2023-01-29
1970-08-01,"PCEC96",NA,2023-01-29,2023-01-29
1970-09-01,"PCEC96",NA,2023-01-29,2023-01-29
1970-10-01,"PCEC96",NA,2023-01-29,2023-01-29
1970-11-01,"PCEC96",NA,2023-01-29,2023-01-29
1970-12-01,"PCEC96",NA,2023-01-29,2023-01-29
1971-01-01,"PCEC96",NA,2023-01-29,2023-01-29
1971-02-01,"PCEC96",NA,2023-01-29,2023-01-29
1971-03-01,"PCEC96",NA,2023-01-29,2023-01-29
1971-04-01,"PCEC96",NA,2023-01-29,2023-01-29
1971-05-01,"PCEC96",NA,2023-01-29,2023-01-29
1971-06-01,"PCEC96",NA,2023-01-29,2023-01-29
1971-07-01,"PCEC96",NA,2023-01-29,2023-01-29
1971-08-01,"PCEC96",NA,2023-01-29,2023-01-29
1971-09-01,"PCEC96",NA,2023-01-29,2023-01-29
1971-10-01,"PCEC96",NA,2023-01-29,2023-01-29
1971-11-01,"PCEC96",NA,2023-01-29,2023-01-29
1971-12-01,"PCEC96",NA,2023-01-29,2023-01-29
1972-01-01,"PCEC96",NA,2023-01-29,2023-01-29
1972-02-01,"PCEC96",NA,2023-01-29,2023-01-29
1972-03-01,"PCEC96",NA,2023-01-29,2023-01-29
1972-04-01,"PCEC96",NA,2023-01-29,2023-01-29
1972-05-01,"PCEC96",NA,2023-01-29,2023-01-29
1972-06-01,"PCEC96",NA,2023-01-29,2023-01-29
1972-07-01,"PCEC96",NA,2023-01-29,2023-01-29
1972-08-01,"PCEC96",NA,2023-01-29,2023-01-29
1972-09-01,"PCEC96",NA,2023-01-29,2023-01-29
1972-10-01,"PCEC96",NA,2023-01-29,2023-01-29
1972-11-01,"PCEC96",NA,2023-01-29,2023-01-29
1972-12-01,"PCEC96",NA,2023-01-29,2023-01-29
1973-01-01,"PCEC96",NA,2023-01-29,2023-01-29
1973-02-01,"PCEC96",NA,2023-01-29,2023-01-29
1973-03-01,"PCEC96",NA,2023-01-29,2023-01-29
1973-04-01,"PCEC96",NA,2023-01-29,2023-01-29
1973-05-01,"PCEC96",NA,2023-01-29,2023-01-29
1973-06-01,"PCEC96",NA,2023-01-29,2023-01-29
1973-07-01,"PCEC96",NA,2023-01-29,2023-01-29
1973-08-01,"PCEC96",NA,2023-01-29,2023-01-29
1973-09-01,"PCEC96",NA,2023-01-29,2023-01-29
1973-10-01,"PCEC96",NA,2023-01-29,2023-01-29
1973-11-01,"PCEC96",NA,2023-01-29,2023-01-29
1973-12-01,"PCEC96",NA,2023-01-29,2023-01-29
1974-01-01,"PCEC96",NA,2023-01-29,2023-01-29
1974-02-01,"PCEC96",NA,2023-01-29,2023-01-29
1974-03-01,"PCEC96",NA,2023-01-29,2023-01-29
1974-04-01,"PCEC96",NA,2023-01-29,2023-01-29
1974-05-01,"PCEC96",NA,2023-01-29,2023-01-29
1974-06-01,"PCEC96",NA,2023-01-29,2023-01-29
1974-07-01,"PCEC96",NA,2023-01-29,2023-01-29
1974-08-01,"PCEC96",NA,2023-01-29,2023-01-29
1974-09-01,"PCEC96",NA,2023-01-29,2023-01-29
1974-10-01,"PCEC96",NA,2023-01-29,2023-01-29
1974-11-01,"PCEC96",NA,2023-01-29,2023-01-29
1974-12-01,"PCEC96",NA,2023-01-29,2023-01-29
1975-01-01,"PCEC96",NA,2023-01-29,2023-01-29
1975-02-01,"PCEC96",NA,2023-01-29,2023-01-29
1975-03-01,"PCEC96",NA,2023-01-29,2023-01-29
1975-04-01,"PCEC96",NA,2023-01-29,2023-01-29
1975-05-01,"PCEC96",NA,2023-01-29,2023-01-29
1975-06-01,"PCEC96",NA,2023-01-29,2023-01-29
1975-07-01,"PCEC96",NA,2023-01-29,2023-01-29
1975-08-01,"PCEC96",NA,2023-01-29,2023-01-29
1975-09-01,"PCEC96",NA,2023-01-29,2023-01-29
1975-10-01,"PCEC96",NA,2023-01-29,2023-01-29
1975-11-01,"PCEC96",NA,2023-01-29,2023-01-29
1975-12-01,"PCEC96",NA,2023-01-29,2023-01-29
1976-01-01,"PCEC96",NA,2023-01-29,2023-01-29
1976-02-01,"PCEC96",NA,2023-01-29,2023-01-29
1976-03-01,"PCEC96",NA,2023-01-29,2023-01-29
1976-04-01,"PCEC96",NA,2023-01-29,2023-01-29
1976-05-01,"PCEC96",NA,2023-01-29,2023-01-29
1976-06-01,"PCEC96",NA,2023-01-29,2023-01-29
1976-07-01,"PCEC96",NA,2023-01-29,2023-01-29
1976-08-01,"PCEC96",NA,2023-01-29,2023-01-29
1976-09-01,"PCEC96",NA,2023-01-29,2023-01-29
1976-10-01,"PCEC96",NA,2023-01-29,2023-01-29
1976-11-01,"PCEC96",NA,2023-01-29,2023-01-29
1976-12-01,"PCEC96",NA,2023-01-29,2023-01-29
1977-01-01,"PCEC96",NA,2023-01-29,2023-01-29
1977-02-01,"PCEC96",NA,2023-01-29,2023-01-29
1977-03-01,"PCEC96",NA,2023-01-29,2023-01-29
1977-04-01,"PCEC96",NA,2023-01-29,2023-01-29
1977-05-01,"PCEC96",NA,2023-01-29,2023-01-29
1977-06-01,"PCEC96",NA,2023-01-29,2023-01-29
1977-07-01,"PCEC96",NA,2023-01-29,2023-01-29
1977-08-01,"PCEC96",NA,2023-01-29,2023-01-29
1977-09-01,"PCEC96",NA,2023-01-29,2023-01-29
1977-10-01,"PCEC96",NA,2023-01-29,2023-01-29
1977-11-01,"PCEC96",NA,2023-01-29,2023-01-29
1977-12-01,"PCEC96",NA,2023-01-29,2023-01-29
1978-01-01,"PCEC96",NA,2023-01-29,2023-01-29
1978-02-01,"PCEC96",NA,2023-01-29,2023-01-29
1978-03-01,"PCEC96",NA,2023-01-29,2023-01-29
1978-04-01,"PCEC96",NA,2023-01-29,2023-01-29
1978-05-01,"PCEC96",NA,2023-01-29,2023-01-29
1978-06-01,"PCEC96",NA,2023-01-29,2023-01-29
1978-07-01,"PCEC96",NA,2023-01-29,2023-01-29
1978-08-01,"PCEC96",NA,2023-01-29,2023-01-29
1978-09-01,"PCEC96",NA,2023-01-29,2023-01-29
1978-10-01,"PCEC96",NA,2023-01-29,2023-01-29
1978-11-01,"PCEC96",NA,2023-01-29,2023-01-29
1978-12-01,"PCEC96",NA,2023-01-29,2023-01-29
1979-01-01,"PCEC96",NA,2023-01-29,2023-01-29
1979-02-01,"PCEC96",NA,2023-01-29,2023-01-29
1979-03-01,"PCEC96",NA,2023-01-29,2023-01-29
1979-04-01,"PCEC96",NA,2023-01-29,2023-01-29
1979-05-01,"PCEC96",NA,2023-01-29,2023-01-29
1979-06-01,"PCEC96",NA,2023-01-29,2023-01-29
1979-07-01,"PCEC96",NA,2023-01-29,2023-01-29
1979-08-01,"PCEC96",NA,2023-01-29,2023-01-29
1979-09-01,"PCEC96",NA,2023-01-29,2023-01-29
1979-10-01,"PCEC96",NA,2023-01-29,2023-01-29
1979-11-01,"PCEC96",NA,2023-01-29,2023-01-29
1979-12-01,"PCEC96",NA,2023-01-29,2023-01-29
1980-01-01,"PCEC96",NA,2023-01-29,2023-01-29
1980-02-01,"PCEC96",NA,2023-01-29,2023-01-29
1980-03-01,"PCEC96",NA,2023-01-29,2023-01-29
1980-04-01,"PCEC96",NA,2023-01-29,2023-01-29
1980-05-01,"PCEC96",NA,2023-01-29,2023-01-29
1980-06-01,"PCEC96",NA,2023-01-29,2023-01-29
1980-07-01,"PCEC96",NA,2023-01-29,2023-01-29
1980-08-01,"PCEC96",NA,2023-01-29,2023-01-29
1980-09-01,"PCEC96",NA,2023-01-29,2023-01-29
1980-10-01,"PCEC96",NA,2023-01-29,2023-01-29
1980-11-01,"PCEC96",NA,2023-01-29,2023-01-29
1980-12-01,"PCEC96",NA,2023-01-29,2023-01-29
1981-01-01,"PCEC96",NA,2023-01-29,2023-01-29
1981-02-01,"PCEC96",NA,2023-01-29,2023-01-29
1981-03-01,"PCEC96",NA,2023-01-29,2023-01-29
1981-04-01,"PCEC96",NA,2023-01-29,2023-01-29
1981-05-01,"PCEC96",NA,2023-01-29,2023-01-29
1981-06-01,"PCEC96",NA,2023-01-29,2023-01-29
1981-07-01,"PCEC96",NA,2023-01-29,2023-01-29
1981-08-01,"PCEC96",NA,2023-01-29,2023-01-29
1981-09-01,"PCEC96",NA,2023-01-29,2023-01-29
1981-10-01,"PCEC96",NA,2023-01-29,2023-01-29
1981-11-01,"PCEC96",NA,2023-01-29,2023-01-29
1981-12-01,"PCEC96",NA,2023-01-29,2023-01-29
1982-01-01,"PCEC96",NA,2023-01-29,2023-01-29
1982-02-01,"PCEC96",NA,2023-01-29,2023-01-29
1982-03-01,"PCEC96",NA,2023-01-29,2023-01-29
1982-04-01,"PCEC96",NA,2023-01-29,2023-01-29
1982-05-01,"PCEC96",NA,2023-01-29,2023-01-29
1982-06-01,"PCEC96",NA,2023-01-29,2023-01-29
1982-07-01,"PCEC96",NA,2023-01-29,2023-01-29
1982-08-01,"PCEC96",NA,2023-01-29,2023-01-29
1982-09-01,"PCEC96",NA,2023-01-29,2023-01-29
1982-10-01,"PCEC96",NA,2023-01-29,2023-01-29
1982-11-01,"PCEC96",NA,2023-01-29,2023-01-29
1982-12-01,"PCEC96",NA,2023-01-29,2023-01-29
1983-01-01,"PCEC96",NA,2023-01-29,2023-01-29
1983-02-01,"PCEC96",NA,2023-01-29,2023-01-29
1983-03-01,"PCEC96",NA,2023-01-29,2023-01-29
1983-04-01,"PCEC96",NA,2023-01-29,2023-01-29
1983-05-01,"PCEC96",NA,2023-01-29,2023-01-29
1983-06-01,"PCEC96",NA,2023-01-29,2023-01-29
1983-07-01,"PCEC96",NA,2023-01-29,2023-01-29
1983-08-01,"PCEC96",NA,2023-01-29,2023-01-29
1983-09-01,"PCEC96",NA,2023-01-29,2023-01-29
1983-10-01,"PCEC96",NA,2023-01-29,2023-01-29
1983-11-01,"PCEC96",NA,2023-01-29,2023-01-29
1983-12-01,"PCEC96",NA,2023-01-29,2023-01-29
1984-01-01,"PCEC96",NA,2023-01-29,2023-01-29
1984-02-01,"PCEC96",NA,2023-01-29,2023-01-29
1984-03-01,"PCEC96",NA,2023-01-29,2023-01-29
1984-04-01,"PCEC96",NA,2023-01-29,2023-01-29
1984-05-01,"PCEC96",NA,2023-01-29,2023-01-29
1984-06-01,"PCEC96",NA,2023-01-29,2023-01-29
1984-07-01,"PCEC96",NA,2023-01-29,2023-01-29
1984-08-01,"PCEC96",NA,2023-01-29,2023-01-29
1984-09-01,"PCEC96",NA,2023-01-29,2023-01-29
1984-10-01,"PCEC96",NA,2023-01-29,2023-01-29
1984-11-01,"PCEC96",NA,2023-01-29,2023-01-29
1984-12-01,"PCEC96",NA,2023-01-29,2023-01-29
1985-01-01,"PCEC96",NA,2023-01-29,2023-01-29
1985-02-01,"PCEC96",NA,2023-01-29,2023-01-29
1985-03-01,"PCEC96",NA,2023-01-29,2023-01-29
1985-04-01,"PCEC96",NA,2023-01-29,2023-01-29
1985-05-01,"PCEC96",NA,2023-01-29,2023-01-29
1985-06-01,"PCEC96",NA,2023-01-29,2023-01-29
1985-07-01,"PCEC96",NA,2023-01-29,2023-01-29
1985-08-01,"PCEC96",NA,2023-01-29,2023-01-29
1985-09-01,"PCEC96",NA,2023-01-29,2023-01-29
1985-10-01,"PCEC96",NA,2023-01-29,2023-01-29
1985-11-01,"PCEC96",NA,2023-01-29,2023-01-29
1985-12-01,"PCEC96",NA,2023-01-29,2023-01-29
1986-01-01,"PCEC96",NA,2023-01-29,2023-01-29
1986-02-01,"PCEC96",NA,2023-01-29,2023-01-29
1986-03-01,"PCEC96",NA,2023-01-29,2023-01-29
1986-04-01,"PCEC96",NA,2023-01-29,2023-01-29
1986-05-01,"PCEC96",NA,2023-01-29,2023-01-29
1986-06-01,"PCEC96",NA,2023-01-29,2023-01-29
1986-07-01,"PCEC96",NA,2023-01-29,2023-01-29
1986-08-01,"PCEC96",NA,2023-01-29,2023-01-29
1986-09-01,"PCEC96",NA,2023-01-29,2023-01-29
1986-10-01,"PCEC96",NA,2023-01-29,2023-01-29
1986-11-01,"PCEC96",NA,2023-01-29,2023-01-29
1986-12-01,"PCEC96",NA,2023-01-29,2023-01-29
1987-01-01,"PCEC96",NA,2023-01-29,2023-01-29
1987-02-01,"PCEC96",NA,2023-01-29,2023-01-29
1987-03-01,"PCEC96",NA,2023-01-29,2023-01-29
1987-04-01,"PCEC96",NA,2023-01-29,2023-01-29
1987-05-01,"PCEC96",NA,2023-01-29,2023-01-29
1987-06-01,"PCEC96",NA,2023-01-29,2023-01-29
1987-07-01,"PCEC96",NA,2023-01-29,2023-01-29
1987-08-01,"PCEC96",NA,2023-01-29,2023-01-29
1987-09-01,"PCEC96",NA,2023-01-29,2023-01-29
1987-10-01,"PCEC96",NA,2023-01-29,2023-01-29
1987-11-01,"PCEC96",NA,2023-01-29,2023-01-29
1987-12-01,"PCEC96",NA,2023-01-29,2023-01-29
1988-01-01,"PCEC96",NA,2023-01-29,2023-01-29
1988-02-01,"PCEC96",NA,2023-01-29,2023-01-29
1988-03-01,"PCEC96",NA,2023-01-29,2023-01-29
1988-04-01,"PCEC96",NA,2023-01-29,2023-01-29
1988-05-01,"PCEC96",NA,2023-01-29,2023-01-29
1988-06-01,"PCEC96",NA,2023-01-29,2023-01-29
1988-07-01,"PCEC96",NA,2023-01-29,2023-01-29
1988-08-01,"PCEC96",NA,2023-01-29,2023-01-29
1988-09-01,"PCEC96",NA,2023-01-29,2023-01-29
1988-10-01,"PCEC96",NA,2023-01-29,2023-01-29
1988-11-01,"PCEC96",NA,2023-01-29,2023-01-29
1988-12-01,"PCEC96",NA,2023-01-29,2023-01-29
1989-01-01,"PCEC96",NA,2023-01-29,2023-01-29
1989-02-01,"PCEC96",NA,2023-01-29,2023-01-29
1989-03-01,"PCEC96",NA,2023-01-29,2023-01-29
1989-04-01,"PCEC96",NA,2023-01-29,2023-01-29
1989-05-01,"PCEC96",NA,2023-01-29,2023-01-29
1989-06-01,"PCEC96",NA,2023-01-29,2023-01-29
1989-07-01,"PCEC96",NA,2023-01-29,2023-01-29
1989-08-01,"PCEC96",NA,2023-01-29,2023-01-29
1989-09-01,"PCEC96",NA,2023-01-29,2023-01-29
1989-10-01,"PCEC96",NA,2023-01-29,2023-01-29
1989-11-01,"PCEC96",NA,2023-01-29,2023-01-29
1989-12-01,"PCEC96",NA,2023-01-29,2023-01-29
1990-01-01,"PCEC96",NA,2023-01-29,2023-01-29
1990-02-01,"PCEC96",NA,2023-01-29,2023-01-29
1990-03-01,"PCEC96",NA,2023-01-29,2023-01-29
1990-04-01,"PCEC96",NA,2023-01-29,2023-01-29
1990-05-01,"PCEC96",NA,2023-01-29,2023-01-29
1990-06-01,"PCEC96",NA,2023-01-29,2023-01-29
1990-07-01,"PCEC96",NA,2023-01-29,2023-01-29
1990-08-01,"PCEC96",NA,2023-01-29,2023-01-29
1990-09-01,"PCEC96",NA,2023-01-29,2023-01-29
1990-10-01,"PCEC96",NA,2023-01-29,2023-01-29
1990-11-01,"PCEC96",NA,2023-01-29,2023-01-29
1990-12-01,"PCEC96",NA,2023-01-29,2023-01-29
1991-01-01,"PCEC96",NA,2023-01-29,2023-01-29
1991-02-01,"PCEC96",NA,2023-01-29,2023-01-29
1991-03-01,"PCEC96",NA,2023-01-29,2023-01-29
1991-04-01,"PCEC96",NA,2023-01-29,2023-01-29
1991-05-01,"PCEC96",NA,2023-01-29,2023-01-29
1991-06-01,"PCEC96",NA,2023-01-29,2023-01-29
1991-07-01,"PCEC96",NA,2023-01-29,2023-01-29
1991-08-01,"PCEC96",NA,2023-01-29,2023-01-29
1991-09-01,"PCEC96",NA,2023-01-29,2023-01-29
1991-10-01,"PCEC96",NA,2023-01-29,2023-01-29
1991-11-01,"PCEC96",NA,2023-01-29,2023-01-29
1991-12-01,"PCEC96",NA,2023-01-29,2023-01-29
1992-01-01,"PCEC96",NA,2023-01-29,2023-01-29
1992-02-01,"PCEC96",NA,2023-01-29,2023-01-29
1992-03-01,"PCEC96",NA,2023-01-29,2023-01-29
1992-04-01,"PCEC96",NA,2023-01-29,2023-01-29
1992-05-01,"PCEC96",NA,2023-01-29,2023-01-29
1992-06-01,"PCEC96",NA,2023-01-29,2023-01-29
1992-07-01,"PCEC96",NA,2023-01-29,2023-01-29
1992-08-01,"PCEC96",NA,2023-01-29,2023-01-29
1992-09-01,"PCEC96",NA,2023-01-29,2023-01-29
1992-10-01,"PCEC96",NA,2023-01-29,2023-01-29
1992-11-01,"PCEC96",NA,2023-01-29,2023-01-29
1992-12-01,"PCEC96",NA,2023-01-29,2023-01-29
1993-01-01,"PCEC96",NA,2023-01-29,2023-01-29
1993-02-01,"PCEC96",NA,2023-01-29,2023-01-29
1993-03-01,"PCEC96",NA,2023-01-29,2023-01-29
1993-04-01,"PCEC96",NA,2023-01-29,2023-01-29
1993-05-01,"PCEC96",NA,2023-01-29,2023-01-29
1993-06-01,"PCEC96",NA,2023-01-29,2023-01-29
1993-07-01,"PCEC96",NA,2023-01-29,2023-01-29
1993-08-01,"PCEC96",NA,2023-01-29,2023-01-29
1993-09-01,"PCEC96",NA,2023-01-29,2023-01-29
1993-10-01,"PCEC96",NA,2023-01-29,2023-01-29
1993-11-01,"PCEC96",NA,2023-01-29,2023-01-29
1993-12-01,"PCEC96",NA,2023-01-29,2023-01-29
1994-01-01,"PCEC96",NA,2023-01-29,2023-01-29
1994-02-01,"PCEC96",NA,2023-01-29,2023-01-29
1994-03-01,"PCEC96",NA,2023-01-29,2023-01-29
1994-04-01,"PCEC96",NA,2023-01-29,2023-01-29
1994-05-01,"PCEC96",NA,2023-01-29,2023-01-29
1994-06-01,"PCEC96",NA,2023-01-29,2023-01-29
1994-07-01,"PCEC96",NA,2023-01-29,2023-01-29
1994-08-01,"PCEC96",NA,2023-01-29,2023-01-29
1994-09-01,"PCEC96",NA,2023-01-29,2023-01-29
1994-10-01,"PCEC96",NA,2023-01-29,2023-01-29
1994-11-01,"PCEC96",NA,2023-01-29,2023-01-29
1994-12-01,"PCEC96",NA,2023-01-29,2023-01-29
1995-01-01,"PCEC96",NA,2023-01-29,2023-01-29
1995-02-01,"PCEC96",NA,2023-01-29,2023-01-29
1995-03-01,"PCEC96",NA,2023-01-29,2023-01-29
1995-04-01,"PCEC96",NA,2023-01-29,2023-01-29
1995-05-01,"PCEC96",NA,2023-01-29,2023-01-29
1995-06-01,"PCEC96",NA,2023-01-29,2023-01-29
1995-07-01,"PCEC96",NA,2023-01-29,2023-01-29
1995-08-01,"PCEC96",NA,2023-01-29,2023-01-29
1995-09-01,"PCEC96",NA,2023-01-29,2023-01-29
1995-10-01,"PCEC96",NA,2023-01-29,2023-01-29
1995-11-01,"PCEC96",NA,2023-01-29,2023-01-29
1995-12-01,"PCEC96",NA,2023-01-29,2023-01-29
1996-01-01,"PCEC96",NA,2023-01-29,2023-01-29
1996-02-01,"PCEC96",NA,2023-01-29,2023-01-29
1996-03-01,"PCEC96",NA,2023-01-29,2023-01-29
1996-04-01,"PCEC96",NA,2023-01-29,2023-01-29
1996-05-01,"PCEC96",NA,2023-01-29,2023-01-29
1996-06-01,"PCEC96",NA,2023-01-29,2023-01-29
1996-07-01,"PCEC96",NA,2023-01-29,2023-01-29
1996-08-01,"PCEC96",NA,2023-01-29,2023-01-29
1996-09-01,"PCEC96",NA,2023-01-29,2023-01-29
1996-10-01,"PCEC96",NA,2023-01-29,2023-01-29
1996-11-01,"PCEC96",NA,2023-01-29,2023-01-29
1996-12-01,"PCEC96",NA,2023-01-29,2023-01-29
1997-01-01,"PCEC96",NA,2023-01-29,2023-01-29
1997-02-01,"PCEC96",NA,2023-01-29,2023-01-29
1997-03-01,"PCEC96",NA,2023-01-29,2023-01-29
1997-04-01,"PCEC96",NA,2023-01-29,2023-01-29
1997-05-01,"PCEC96",NA,2023-01-29,2023-01-29
1997-06-01,"PCEC96",NA,2023-01-29,2023-01-29
1997-07-01,"PCEC96",NA,2023-01-29,2023-01-29
1997-08-01,"PCEC96",NA,2023-01-29,2023-01-29
1997-09-01,"PCEC96",NA,2023-01-29,2023-01-29
1997-10-01,"PCEC96",NA,2023-01-29,2023-01-29
1997-11-01,"PCEC96",NA,2023-01-29,2023-01-29
1997-12-01,"PCEC96",NA,2023-01-29,2023-01-29
1998-01-01,"PCEC96",NA,2023-01-29,2023-01-29
1998-02-01,"PCEC96",NA,2023-01-29,2023-01-29
1998-03-01,"PCEC96",NA,2023-01-29,2023-01-29
1998-04-01,"PCEC96",NA,2023-01-29,2023-01-29
1998-05-01,"PCEC96",NA,2023-01-29,2023-01-29
1998-06-01,"PCEC96",NA,2023-01-29,2023-01-29
1998-07-01,"PCEC96",NA,2023-01-29,2023-01-29
1998-08-01,"PCEC96",NA,2023-01-29,2023-01-29
1998-09-01,"PCEC96",NA,2023-01-29,2023-01-29
1998-10-01,"PCEC96",NA,2023-01-29,2023-01-29
1998-11-01,"PCEC96",NA,2023-01-29,2023-01-29
1998-12-01,"PCEC96",NA,2023-01-29,2023-01-29
1999-01-01,"PCEC96",NA,2023-01-29,2023-01-29
1999-02-01,"PCEC96",NA,2023-01-29,2023-01-29
1999-03-01,"PCEC96",NA,2023-01-29,2023-01-29
1999-04-01,"PCEC96",NA,2023-01-29,2023-01-29
1999-05-01,"PCEC96",NA,2023-01-29,2023-01-29
1999-06-01,"PCEC96",NA,2023-01-29,2023-01-29
1999-07-01,"PCEC96",NA,2023-01-29,2023-01-29
1999-08-01,"PCEC96",NA,2023-01-29,2023-01-29
1999-09-01,"PCEC96",NA,2023-01-29,2023-01-29
1999-10-01,"PCEC96",NA,2023-01-29,2023-01-29
1999-11-01,"PCEC96",NA,2023-01-29,2023-01-29
1999-12-01,"PCEC96",NA,2023-01-29,2023-01-29
2000-01-01,"PCEC96",NA,2023-01-29,2023-01-29
2000-02-01,"PCEC96",NA,2023-01-29,2023-01-29
2000-03-01,"PCEC96",NA,2023-01-29,2023-01-29
2000-04-01,"PCEC96",NA,2023-01-29,2023-01-29
2000-05-01,"PCEC96",NA,2023-01-29,2023-01-29
2000-06-01,"PCEC96",NA,2023-01-29,2023-01-29
2000-07-01,"PCEC96",NA,2023-01-29,2023-01-29
2000-08-01,"PCEC96",NA,2023-01-29,2023-01-29
2000-09-01,"PCEC96",NA,2023-01-29,2023-01-29
2000-10-01,"PCEC96",NA,2023-01-29,2023-01-29
2000-11-01,"PCEC96",NA,2023-01-29,2023-01-29
2000-12-01,"PCEC96",NA,2023-01-29,2023-01-29
2001-01-01,"PCEC96",NA,2023-01-29,2023-01-29
2001-02-01,"PCEC96",NA,2023-01-29,2023-01-29
2001-03-01,"PCEC96",NA,2023-01-29,2023-01-29
2001-04-01,"PCEC96",NA,2023-01-29,2023-01-29
2001-05-01,"PCEC96",NA,2023-01-29,2023-01-29
2001-06-01,"PCEC96",NA,2023-01-29,2023-01-29
2001-07-01,"PCEC96",NA,2023-01-29,2023-01-29
2001-08-01,"PCEC96",NA,2023-01-29,2023-01-29
2001-09-01,"PCEC96",NA,2023-01-29,2023-01-29
2001-10-01,"PCEC96",NA,2023-01-29,2023-01-29
2001-11-01,"PCEC96",NA,2023-01-29,2023-01-29
2001-12-01,"PCEC96",NA,2023-01-29,2023-01-29
2002-01-01,"PCEC96",9004.4,2023-01-29,2023-01-29
2002-02-01,"PCEC96",9040.1,2023-01-29,2023-01-29
2002-03-01,"PCEC96",9038.2,2023-01-29,2023-01-29
2002-04-01,"PCEC96",9086.5,2023-01-29,2023-01-29
2002-05-01,"PCEC96",9051.4,2023-01-29,2023-01-29
2002-06-01,"PCEC96",9081.8,2023-01-29,2023-01-29
2002-07-01,"PCEC96",9142,2023-01-29,2023-01-29
2002-08-01,"PCEC96",9155.3,2023-01-29,2023-01-29
2002-09-01,"PCEC96",9112.9,2023-01-29,2023-01-29
2002-10-01,"PCEC96",9150.1,2023-01-29,2023-01-29
2002-11-01,"PCEC96",9176.2,2023-01-29,2023-01-29
2002-12-01,"PCEC96",9236.3,2023-01-29,2023-01-29
2003-01-01,"PCEC96",9235,2023-01-29,2023-01-29
2003-02-01,"PCEC96",9205.2,2023-01-29,2023-01-29
2003-03-01,"PCEC96",9258.1,2023-01-29,2023-01-29
2003-04-01,"PCEC96",9301.9,2023-01-29,2023-01-29
2003-05-01,"PCEC96",9331.8,2023-01-29,2023-01-29
2003-06-01,"PCEC96",9381.8,2023-01-29,2023-01-29
2003-07-01,"PCEC96",9424.1,2023-01-29,2023-01-29
2003-08-01,"PCEC96",9507.6,2023-01-29,2023-01-29
2003-09-01,"PCEC96",9479.9,2023-01-29,2023-01-29
2003-10-01,"PCEC96",9495.2,2023-01-29,2023-01-29
2003-11-01,"PCEC96",9549.7,2023-01-29,2023-01-29
2003-12-01,"PCEC96",9562.3,2023-01-29,2023-01-29
2004-01-01,"PCEC96",9593.4,2023-01-29,2023-01-29
2004-02-01,"PCEC96",9612.9,2023-01-29,2023-01-29
2004-03-01,"PCEC96",9667.7,2023-01-29,2023-01-29
2004-04-01,"PCEC96",9659.9,2023-01-29,2023-01-29
2004-05-01,"PCEC96",9710.8,2023-01-29,2023-01-29
2004-06-01,"PCEC96",9660.9,2023-01-29,2023-01-29
2004-07-01,"PCEC96",9745.7,2023-01-29,2023-01-29
2004-08-01,"PCEC96",9781.8,2023-01-29,2023-01-29
2004-09-01,"PCEC96",9845,2023-01-29,2023-01-29
2004-10-01,"PCEC96",9868.2,2023-01-29,2023-01-29
2004-11-01,"PCEC96",9885.9,2023-01-29,2023-01-29
2004-12-01,"PCEC96",9950.6,2023-01-29,2023-01-29
2005-01-01,"PCEC96",9929.9,2023-01-29,2023-01-29
2005-02-01,"PCEC96",9973.8,2023-01-29,2023-01-29
2005-03-01,"PCEC96",9989.7,2023-01-29,2023-01-29
2005-04-01,"PCEC96",10054.6,2023-01-29,2023-01-29
2005-05-01,"PCEC96",10040.9,2023-01-29,2023-01-29
2005-06-01,"PCEC96",10129.2,2023-01-29,2023-01-29
2005-07-01,"PCEC96",10202,2023-01-29,2023-01-29
2005-08-01,"PCEC96",10156.7,2023-01-29,2023-01-29
2005-09-01,"PCEC96",10116.8,2023-01-29,2023-01-29
2005-10-01,"PCEC96",10144,2023-01-29,2023-01-29
2005-11-01,"PCEC96",10174,2023-01-29,2023-01-29
2005-12-01,"PCEC96",10213.7,2023-01-29,2023-01-29
2006-01-01,"PCEC96",10266.7,2023-01-29,2023-01-29
2006-02-01,"PCEC96",10288.1,2023-01-29,2023-01-29
2006-03-01,"PCEC96",10309.8,2023-01-29,2023-01-29
2006-04-01,"PCEC96",10328.1,2023-01-29,2023-01-29
2006-05-01,"PCEC96",10345.4,2023-01-29,2023-01-29
2006-06-01,"PCEC96",10351.1,2023-01-29,2023-01-29
2006-07-01,"PCEC96",10409.6,2023-01-29,2023-01-29
2006-08-01,"PCEC96",10375,2023-01-29,2023-01-29
2006-09-01,"PCEC96",10439.3,2023-01-29,2023-01-29
2006-10-01,"PCEC96",10484.5,2023-01-29,2023-01-29
2006-11-01,"PCEC96",10488.2,2023-01-29,2023-01-29
2006-12-01,"PCEC96",10549,2023-01-29,2023-01-29
2007-01-01,"PCEC96",10569.9,2023-01-29,2023-01-29
2007-02-01,"PCEC96",10567.2,2023-01-29,2023-01-29
2007-03-01,"PCEC96",10579.1,2023-01-29,2023-01-29
2007-04-01,"PCEC96",10589.2,2023-01-29,2023-01-29
2007-05-01,"PCEC96",10604.8,2023-01-29,2023-01-29
2007-06-01,"PCEC96",10605.3,2023-01-29,2023-01-29
2007-07-01,"PCEC96",10637.6,2023-01-29,2023-01-29
2007-08-01,"PCEC96",10682.5,2023-01-29,2023-01-29
2007-09-01,"PCEC96",10691.5,2023-01-29,2023-01-29
2007-10-01,"PCEC96",10699.9,2023-01-29,2023-01-29
2007-11-01,"PCEC96",10722.3,2023-01-29,2023-01-29
2007-12-01,"PCEC96",10715.5,2023-01-29,2023-01-29
2008-01-01,"PCEC96",10713.7,2023-01-29,2023-01-29
2008-02-01,"PCEC96",10676.6,2023-01-29,2023-01-29
2008-03-01,"PCEC96",10703.3,2023-01-29,2023-01-29
2008-04-01,"PCEC96",10720.7,2023-01-29,2023-01-29
2008-05-01,"PCEC96",10740.6,2023-01-29,2023-01-29
2008-06-01,"PCEC96",10720.8,2023-01-29,2023-01-29
2008-07-01,"PCEC96",10669.1,2023-01-29,2023-01-29
2008-08-01,"PCEC96",10667.9,2023-01-29,2023-01-29
2008-09-01,"PCEC96",10597,2023-01-29,2023-01-29
2008-10-01,"PCEC96",10580.7,2023-01-29,2023-01-29
2008-11-01,"PCEC96",10548.3,2023-01-29,2023-01-29
2008-12-01,"PCEC96",10517.6,2023-01-29,2023-01-29
2009-01-01,"PCEC96",10565.4,2023-01-29,2023-01-29
2009-02-01,"PCEC96",10522.2,2023-01-29,2023-01-29
2009-03-01,"PCEC96",10478.7,2023-01-29,2023-01-29
2009-04-01,"PCEC96",10463,2023-01-29,2023-01-29
2009-05-01,"PCEC96",10472.6,2023-01-29,2023-01-29
2009-06-01,"PCEC96",10475.5,2023-01-29,2023-01-29
2009-07-01,"PCEC96",10510.4,2023-01-29,2023-01-29
2009-08-01,"PCEC96",10604.9,2023-01-29,2023-01-29
2009-09-01,"PCEC96",10507.1,2023-01-29,2023-01-29
2009-10-01,"PCEC96",10518.9,2023-01-29,2023-01-29
2009-11-01,"PCEC96",10502.2,2023-01-29,2023-01-29
2009-12-01,"PCEC96",10566.4,2023-01-29,2023-01-29
2010-01-01,"PCEC96",10547,2023-01-29,2023-01-29
2010-02-01,"PCEC96",10586.5,2023-01-29,2023-01-29
2010-03-01,"PCEC96",10637.1,2023-01-29,2023-01-29
2010-04-01,"PCEC96",10658.8,2023-01-29,2023-01-29
2010-05-01,"PCEC96",10685.3,2023-01-29,2023-01-29
2010-06-01,"PCEC96",10711.3,2023-01-29,2023-01-29
2010-07-01,"PCEC96",10740.7,2023-01-29,2023-01-29
2010-08-01,"PCEC96",10766.6,2023-01-29,2023-01-29
2010-09-01,"PCEC96",10776.8,2023-01-29,2023-01-29
2010-10-01,"PCEC96",10804.2,2023-01-29,2023-01-29
2010-11-01,"PCEC96",10831.7,2023-01-29,2023-01-29
2010-12-01,"PCEC96",10846,2023-01-29,2023-01-29
2011-01-01,"PCEC96",10858.2,2023-01-29,2023-01-29
2011-02-01,"PCEC96",10855.2,2023-01-29,2023-01-29
2011-03-01,"PCEC96",10892.7,2023-01-29,2023-01-29
2011-04-01,"PCEC96",10879.8,2023-01-29,2023-01-29
2011-05-01,"PCEC96",10867.3,2023-01-29,2023-01-29
2011-06-01,"PCEC96",10892.5,2023-01-29,2023-01-29
2011-07-01,"PCEC96",10911.4,2023-01-29,2023-01-29
2011-08-01,"PCEC96",10904.8,2023-01-29,2023-01-29
2011-09-01,"PCEC96",10922.8,2023-01-29,2023-01-29
2011-10-01,"PCEC96",10942.5,2023-01-29,2023-01-29
2011-11-01,"PCEC96",10924.1,2023-01-29,2023-01-29
2011-12-01,"PCEC96",10929,2023-01-29,2023-01-29
2012-01-01,"PCEC96",10971.2,2023-01-29,2023-01-29
2012-02-01,"PCEC96",11037.6,2023-01-29,2023-01-29
2012-03-01,"PCEC96",11023.2,2023-01-29,2023-01-29
2012-04-01,"PCEC96",11033.4,2023-01-29,2023-01-29
2012-05-01,"PCEC96",11034.1,2023-01-29,2023-01-29
2012-06-01,"PCEC96",11022.6,2023-01-29,2023-01-29
2012-07-01,"PCEC96",11045.7,2023-01-29,2023-01-29
2012-08-01,"PCEC96",11047.9,2023-01-29,2023-01-29
2012-09-01,"PCEC96",11063.5,2023-01-29,2023-01-29
2012-10-01,"PCEC96",11062.7,2023-01-29,2023-01-29
2012-11-01,"PCEC96",11110.9,2023-01-29,2023-01-29
2012-12-01,"PCEC96",11115.5,2023-01-29,2023-01-29
2013-01-01,"PCEC96",11158.1,2023-01-29,2023-01-29
2013-02-01,"PCEC96",11153.4,2023-01-29,2023-01-29
2013-03-01,"PCEC96",11155,2023-01-29,2023-01-29
2013-04-01,"PCEC96",11154.2,2023-01-29,2023-01-29
2013-05-01,"PCEC96",11182.3,2023-01-29,2023-01-29
2013-06-01,"PCEC96",11181.4,2023-01-29,2023-01-29
2013-07-01,"PCEC96",11195.4,2023-01-29,2023-01-29
2013-08-01,"PCEC96",11207.9,2023-01-29,2023-01-29
2013-09-01,"PCEC96",11239.9,2023-01-29,2023-01-29
2013-10-01,"PCEC96",11271.4,2023-01-29,2023-01-29
2013-11-01,"PCEC96",11318.7,2023-01-29,2023-01-29
2013-12-01,"PCEC96",11322.9,2023-01-29,2023-01-29
2014-01-01,"PCEC96",11287,2023-01-29,2023-01-29
2014-02-01,"PCEC96",11350.3,2023-01-29,2023-01-29
2014-03-01,"PCEC96",11405.6,2023-01-29,2023-01-29
2014-04-01,"PCEC96",11424.5,2023-01-29,2023-01-29
2014-05-01,"PCEC96",11444.9,2023-01-29,2023-01-29
2014-06-01,"PCEC96",11489.7,2023-01-29,2023-01-29
2014-07-01,"PCEC96",11512.3,2023-01-29,2023-01-29
2014-08-01,"PCEC96",11590.9,2023-01-29,2023-01-29
2014-09-01,"PCEC96",11593.8,2023-01-29,2023-01-29
2014-10-01,"PCEC96",11665.2,2023-01-29,2023-01-29
2014-11-01,"PCEC96",11696.3,2023-01-29,2023-01-29
2014-12-01,"PCEC96",11723.2,2023-01-29,2023-01-29
2015-01-01,"PCEC96",11747.2,2023-01-29,2023-01-29
2015-02-01,"PCEC96",11773.3,2023-01-29,2023-01-29
2015-03-01,"PCEC96",11798.4,2023-01-29,2023-01-29
2015-04-01,"PCEC96",11826.4,2023-01-29,2023-01-29
2015-05-01,"PCEC96",11859.5,2023-01-29,2023-01-29
2015-06-01,"PCEC96",11872,2023-01-29,2023-01-29
2015-07-01,"PCEC96",11917.6,2023-01-29,2023-01-29
2015-08-01,"PCEC96",11948.3,2023-01-29,2023-01-29
2015-09-01,"PCEC96",11963.2,2023-01-29,2023-01-29
2015-10-01,"PCEC96",11970.7,2023-01-29,2023-01-29
2015-11-01,"PCEC96",11997.4,2023-01-29,2023-01-29
2015-12-01,"PCEC96",12041.4,2023-01-29,2023-01-29
2016-01-01,"PCEC96",12053.8,2023-01-29,2023-01-29
2016-02-01,"PCEC96",12133.3,2023-01-29,2023-01-29
2016-03-01,"PCEC96",12086.4,2023-01-29,2023-01-29
2016-04-01,"PCEC96",12122.9,2023-01-29,2023-01-29
2016-05-01,"PCEC96",12141.9,2023-01-29,2023-01-29
2016-06-01,"PCEC96",12193.1,2023-01-29,2023-01-29
2016-07-01,"PCEC96",12206.2,2023-01-29,2023-01-29
2016-08-01,"PCEC96",12216,2023-01-29,2023-01-29
2016-09-01,"PCEC96",12249.3,2023-01-29,2023-01-29
2016-10-01,"PCEC96",12242.7,2023-01-29,2023-01-29
2016-11-01,"PCEC96",12262.4,2023-01-29,2023-01-29
2016-12-01,"PCEC96",12344.1,2023-01-29,2023-01-29
2017-01-01,"PCEC96",12352.7,2023-01-29,2023-01-29
2017-02-01,"PCEC96",12351,2023-01-29,2023-01-29
2017-03-01,"PCEC96",12405.9,2023-01-29,2023-01-29
2017-04-01,"PCEC96",12402.2,2023-01-29,2023-01-29
2017-05-01,"PCEC96",12409.1,2023-01-29,2023-01-29
2017-06-01,"PCEC96",12446.9,2023-01-29,2023-01-29
2017-07-01,"PCEC96",12465.7,2023-01-29,2023-01-29
2017-08-01,"PCEC96",12474.6,2023-01-29,2023-01-29
2017-09-01,"PCEC96",12540.1,2023-01-29,2023-01-29
2017-10-01,"PCEC96",12549.6,2023-01-29,2023-01-29
2017-11-01,"PCEC96",12619.1,2023-01-29,2023-01-29
2017-12-01,"PCEC96",12721.6,2023-01-29,2023-01-29
2018-01-01,"PCEC96",12694.4,2023-01-29,2023-01-29
2018-02-01,"PCEC96",12700.4,2023-01-29,2023-01-29
2018-03-01,"PCEC96",12744.7,2023-01-29,2023-01-29
2018-04-01,"PCEC96",12772.4,2023-01-29,2023-01-29
2018-05-01,"PCEC96",12811.1,2023-01-29,2023-01-29
2018-06-01,"PCEC96",12833.3,2023-01-29,2023-01-29
2018-07-01,"PCEC96",12869.4,2023-01-29,2023-01-29
2018-08-01,"PCEC96",12904.5,2023-01-29,2023-01-29
2018-09-01,"PCEC96",12887.3,2023-01-29,2023-01-29
2018-10-01,"PCEC96",12941.8,2023-01-29,2023-01-29
2018-11-01,"PCEC96",12995.4,2023-01-29,2023-01-29
2018-12-01,"PCEC96",12892.8,2023-01-29,2023-01-29
2019-01-01,"PCEC96",12929.7,2023-01-29,2023-01-29
2019-02-01,"PCEC96",12931.6,2023-01-29,2023-01-29
2019-03-01,"PCEC96",13005.9,2023-01-29,2023-01-29
2019-04-01,"PCEC96",13001.4,2023-01-29,2023-01-29
2019-05-01,"PCEC96",13037.5,2023-01-29,2023-01-29
2019-06-01,"PCEC96",13077.7,2023-01-29,2023-01-29
2019-07-01,"PCEC96",13124.1,2023-01-29,2023-01-29
2019-08-01,"PCEC96",13154.7,2023-01-29,2023-01-29
2019-09-01,"PCEC96",13167.8,2023-01-29,2023-01-29
2019-10-01,"PCEC96",13181.1,2023-01-29,2023-01-29
2019-11-01,"PCEC96",13229.7,2023-01-29,2023-01-29
2019-12-01,"PCEC96",13266,2023-01-29,2023-01-29
2020-01-01,"PCEC96",13277,2023-01-29,2023-01-29
2020-02-01,"PCEC96",13313.6,2023-01-29,2023-01-29
2020-03-01,"PCEC96",12459.6,2023-01-29,2023-01-29
2020-04-01,"PCEC96",10962.8,2023-01-29,2023-01-29
2020-05-01,"PCEC96",11900.6,2023-01-29,2023-01-29
2020-06-01,"PCEC96",12588.1,2023-01-29,2023-01-29
2020-07-01,"PCEC96",12814.1,2023-01-29,2023-01-29
2020-08-01,"PCEC96",12884.9,2023-01-29,2023-01-29
2020-09-01,"PCEC96",13068.1,2023-01-29,2023-01-29
2020-10-01,"PCEC96",13102.3,2023-01-29,2023-01-29
2020-11-01,"PCEC96",13042.2,2023-01-29,2023-01-29
2020-12-01,"PCEC96",12995.4,2023-01-29,2023-01-29
2021-01-01,"PCEC96",13266.9,2023-01-29,2023-01-29
2021-02-01,"PCEC96",13144,2023-01-29,2023-01-29
2021-03-01,"PCEC96",13749.4,2023-01-29,2023-01-29
2021-04-01,"PCEC96",13757.9,2023-01-29,2023-01-29
2021-05-01,"PCEC96",13736.3,2023-01-29,2023-01-29
2021-06-01,"PCEC96",13826.8,2023-01-29,2023-01-29
2021-07-01,"PCEC96",13822.5,2023-01-29,2023-01-29
2021-08-01,"PCEC96",13869.7,2023-01-29,2023-01-29
2021-09-01,"PCEC96",13931,2023-01-29,2023-01-29
2021-10-01,"PCEC96",14026.3,2023-01-29,2023-01-29
2021-11-01,"PCEC96",14011.8,2023-01-29,2023-01-29
2021-12-01,"PCEC96",13906.4,2023-01-29,2023-01-29
2022-01-01,"PCEC96",14003.7,2023-01-29,2023-01-29
2022-02-01,"PCEC96",14020.3,2023-01-29,2023-01-29
2022-03-01,"PCEC96",14061.2,2023-01-29,2023-01-29
2022-04-01,"PCEC96",14083.5,2023-01-29,2023-01-29
2022-05-01,"PCEC96",14093.1,2023-01-29,2023-01-29
2022-06-01,"PCEC96",14121.8,2023-01-29,2023-01-29
2022-07-01,"PCEC96",14121.2,2023-01-29,2023-01-29
2022-08-01,"PCEC96",14188.9,2023-01-29,2023-01-29
2022-09-01,"PCEC96",14225.6,2023-01-29,2023-01-29
2022-10-01,"PCEC96",14285.3,2023-01-29,2023-01-29
2022-11-01,"PCEC96",14256,2023-01-29,2023-01-29
2022-12-01,"PCEC96",14215.2,2023-01-29,2023-01-29
